[2026-06-23 10:46:52,990: INFO/MainProcess] beat: Starting...
[2026-06-23 10:46:53,301: INFO/MainProcess] Scheduler: Sending due task agent-15s (signal_engine.scheduler.run_agent_15s)
[2026-06-23 10:46:53,486: INFO/MainProcess] Scheduler: Sending due task agent-15m (signal_engine.scheduler.run_agent_15m)
[2026-06-23 10:46:53,488: INFO/MainProcess] Scheduler: Sending due task agent-1h (signal_engine.scheduler.run_agent_1h)
[2026-06-23 10:46:53,491: INFO/MainProcess] Scheduler: Sending due task agent-5m (signal_engine.scheduler.run_agent_5m)
[2026-06-23 10:46:53,493: INFO/MainProcess] Scheduler: Sending due task agent-1m (signal_engine.scheduler.run_agent_1m)
[2026-06-23 10:46:53,497: INFO/MainProcess] Scheduler: Sending due task agent-3m (signal_engine.scheduler.run_agent_3m)
[2026-06-23 10:47:08,291: INFO/MainProcess] Scheduler: Sending due task agent-15s (signal_engine.scheduler.run_agent_15s)
[2026-06-23 10:47:23,292: INFO/MainProcess] Scheduler: Sending due task agent-15s (signal_engine.scheduler.run_agent_15s)
[2026-06-23 10:47:38,292: INFO/MainProcess] Scheduler: Sending due task agent-15s (signal_engine.scheduler.run_agent_15s)
[2026-06-23 10:47:53,292: INFO/MainProcess] Scheduler: Sending due task agent-15s (signal_engine.scheduler.run_agent_15s)
[2026-06-23 10:47:53,493: INFO/MainProcess] Scheduler: Sending due task agent-1m (signal_engine.scheduler.run_agent_1m)
[2026-06-23 10:48:08,293: INFO/MainProcess] Scheduler: Sending due task agent-15s (signal_engine.scheduler.run_agent_15s)
[2026-06-23 10:48:23,293: INFO/MainProcess] Scheduler: Sending due task agent-15s (signal_engine.scheduler.run_agent_15s)
[2026-06-23 10:48:38,294: INFO/MainProcess] Scheduler: Sending due task agent-15s (signal_engine.scheduler.run_agent_15s)
[2026-06-23 10:48:53,294: INFO/MainProcess] Scheduler: Sending due task agent-15s (signal_engine.scheduler.run_agent_15s)
[2026-06-23 10:48:53,494: INFO/MainProcess] Scheduler: Sending due task agent-1m (signal_engine.scheduler.run_agent_1m)
[2026-06-23 10:49:08,294: INFO/MainProcess] Scheduler: Sending due task agent-15s (signal_engine.scheduler.run_agent_15s)
[2026-06-23 10:49:23,294: INFO/MainProcess] Scheduler: Sending due task agent-15s (signal_engine.scheduler.run_agent_15s)
[2026-06-23 10:49:38,295: INFO/MainProcess] Scheduler: Sending due task agent-15s (signal_engine.scheduler.run_agent_15s)
[2026-06-23 10:49:53,296: INFO/MainProcess] Scheduler: Sending due task agent-15s (signal_engine.scheduler.run_agent_15s)
[2026-06-23 10:49:53,494: INFO/MainProcess] Scheduler: Sending due task agent-1m (signal_engine.scheduler.run_agent_1m)
[2026-06-23 10:49:53,627: INFO/MainProcess] Scheduler: Sending due task agent-3m (signal_engine.scheduler.run_agent_3m)
[2026-06-23 10:50:08,296: INFO/MainProcess] Scheduler: Sending due task agent-15s (signal_engine.scheduler.run_agent_15s)
[2026-06-23 10:50:23,297: INFO/MainProcess] Scheduler: Sending due task agent-15s (signal_engine.scheduler.run_agent_15s)
[2026-06-23 10:50:38,297: INFO/MainProcess] Scheduler: Sending due task agent-15s (signal_engine.scheduler.run_agent_15s)
[2026-06-23 10:50:53,297: INFO/MainProcess] Scheduler: Sending due task agent-15s (signal_engine.scheduler.run_agent_15s)
[2026-06-23 10:50:53,495: INFO/MainProcess] Scheduler: Sending due task agent-1m (signal_engine.scheduler.run_agent_1m)
[2026-06-23 10:51:08,297: INFO/MainProcess] Scheduler: Sending due task agent-15s (signal_engine.scheduler.run_agent_15s)
[2026-06-23 10:51:23,298: INFO/MainProcess] Scheduler: Sending due task agent-15s (signal_engine.scheduler.run_agent_15s)
[2026-06-23 10:51:38,299: INFO/MainProcess] Scheduler: Sending due task agent-15s (signal_engine.scheduler.run_agent_15s)
[2026-06-23 10:51:53,300: INFO/MainProcess] Scheduler: Sending due task agent-15s (signal_engine.scheduler.run_agent_15s)
[2026-06-23 10:51:53,491: INFO/MainProcess] Scheduler: Sending due task agent-5m (signal_engine.scheduler.run_agent_5m)
[2026-06-23 10:51:53,495: INFO/MainProcess] Scheduler: Sending due task agent-1m (signal_engine.scheduler.run_agent_1m)
[2026-06-23 10:52:08,301: INFO/MainProcess] Scheduler: Sending due task agent-15s (signal_engine.scheduler.run_agent_15s)
[2026-06-23 10:52:23,301: INFO/MainProcess] Scheduler: Sending due task agent-15s (signal_engine.scheduler.run_agent_15s)
[2026-06-23 10:52:38,302: INFO/MainProcess] Scheduler: Sending due task agent-15s (signal_engine.scheduler.run_agent_15s)
[2026-06-23 10:52:53,303: INFO/MainProcess] Scheduler: Sending due task agent-15s (signal_engine.scheduler.run_agent_15s)
[2026-06-23 10:52:53,496: INFO/MainProcess] Scheduler: Sending due task agent-1m (signal_engine.scheduler.run_agent_1m)
[2026-06-23 10:52:53,628: INFO/MainProcess] Scheduler: Sending due task agent-3m (signal_engine.scheduler.run_agent_3m)
[2026-06-23 10:53:08,414: INFO/MainProcess] Scheduler: Sending due task agent-15s (signal_engine.scheduler.run_agent_15s)
[2026-06-23 10:53:23,414: INFO/MainProcess] Scheduler: Sending due task agent-15s (signal_engine.scheduler.run_agent_15s)
[2026-06-23 10:53:38,415: INFO/MainProcess] Scheduler: Sending due task agent-15s (signal_engine.scheduler.run_agent_15s)
[2026-06-23 10:53:53,415: INFO/MainProcess] Scheduler: Sending due task agent-15s (signal_engine.scheduler.run_agent_15s)
[2026-06-23 10:53:53,496: INFO/MainProcess] Scheduler: Sending due task agent-1m (signal_engine.scheduler.run_agent_1m)
[2026-06-23 10:54:08,415: INFO/MainProcess] Scheduler: Sending due task agent-15s (signal_engine.scheduler.run_agent_15s)
[2026-06-23 10:54:23,416: INFO/MainProcess] Scheduler: Sending due task agent-15s (signal_engine.scheduler.run_agent_15s)
[2026-06-23 10:54:38,416: INFO/MainProcess] Scheduler: Sending due task agent-15s (signal_engine.scheduler.run_agent_15s)
[2026-06-23 10:54:53,416: INFO/MainProcess] Scheduler: Sending due task agent-15s (signal_engine.scheduler.run_agent_15s)
[2026-06-23 10:54:53,496: INFO/MainProcess] Scheduler: Sending due task agent-1m (signal_engine.scheduler.run_agent_1m)
[2026-06-23 10:55:08,417: INFO/MainProcess] Scheduler: Sending due task agent-15s (signal_engine.scheduler.run_agent_15s)
[2026-06-23 10:55:23,417: INFO/MainProcess] Scheduler: Sending due task agent-15s (signal_engine.scheduler.run_agent_15s)
[2026-06-23 10:55:38,418: INFO/MainProcess] Scheduler: Sending due task agent-15s (signal_engine.scheduler.run_agent_15s)
[2026-06-23 10:55:53,418: INFO/MainProcess] Scheduler: Sending due task agent-15s (signal_engine.scheduler.run_agent_15s)
[2026-06-23 10:55:53,497: INFO/MainProcess] Scheduler: Sending due task agent-1m (signal_engine.scheduler.run_agent_1m)
[2026-06-23 10:55:53,628: INFO/MainProcess] Scheduler: Sending due task agent-3m (signal_engine.scheduler.run_agent_3m)
[2026-06-23 10:56:08,418: INFO/MainProcess] Scheduler: Sending due task agent-15s (signal_engine.scheduler.run_agent_15s)
[2026-06-23 10:56:23,575: INFO/MainProcess] Scheduler: Sending due task agent-15s (signal_engine.scheduler.run_agent_15s)
[2026-06-23 10:56:38,576: INFO/MainProcess] Scheduler: Sending due task agent-15s (signal_engine.scheduler.run_agent_15s)
[2026-06-23 10:56:53,491: INFO/MainProcess] Scheduler: Sending due task agent-5m (signal_engine.scheduler.run_agent_5m)
[2026-06-23 10:56:53,498: INFO/MainProcess] Scheduler: Sending due task agent-1m (signal_engine.scheduler.run_agent_1m)
[2026-06-23 10:56:53,576: INFO/MainProcess] Scheduler: Sending due task agent-15s (signal_engine.scheduler.run_agent_15s)
[2026-06-23 10:57:08,577: INFO/MainProcess] Scheduler: Sending due task agent-15s (signal_engine.scheduler.run_agent_15s)
[2026-06-23 10:57:23,577: INFO/MainProcess] Scheduler: Sending due task agent-15s (signal_engine.scheduler.run_agent_15s)
[2026-06-23 10:57:38,577: INFO/MainProcess] Scheduler: Sending due task agent-15s (signal_engine.scheduler.run_agent_15s)
[2026-06-23 10:57:53,499: INFO/MainProcess] Scheduler: Sending due task agent-1m (signal_engine.scheduler.run_agent_1m)
[2026-06-23 10:57:53,578: INFO/MainProcess] Scheduler: Sending due task agent-15s (signal_engine.scheduler.run_agent_15s)
[2026-06-23 10:58:08,578: INFO/MainProcess] Scheduler: Sending due task agent-15s (signal_engine.scheduler.run_agent_15s)
[2026-06-23 10:58:23,579: INFO/MainProcess] Scheduler: Sending due task agent-15s (signal_engine.scheduler.run_agent_15s)
[2026-06-23 10:58:38,580: INFO/MainProcess] Scheduler: Sending due task agent-15s (signal_engine.scheduler.run_agent_15s)
[2026-06-23 10:58:53,499: INFO/MainProcess] Scheduler: Sending due task agent-1m (signal_engine.scheduler.run_agent_1m)
[2026-06-23 10:58:53,580: INFO/MainProcess] Scheduler: Sending due task agent-15s (signal_engine.scheduler.run_agent_15s)
[2026-06-23 10:58:53,628: INFO/MainProcess] Scheduler: Sending due task agent-3m (signal_engine.scheduler.run_agent_3m)
[2026-06-23 10:59:08,581: INFO/MainProcess] Scheduler: Sending due task agent-15s (signal_engine.scheduler.run_agent_15s)
[2026-06-23 10:59:23,581: INFO/MainProcess] Scheduler: Sending due task agent-15s (signal_engine.scheduler.run_agent_15s)
[2026-06-23 10:59:38,582: INFO/MainProcess] Scheduler: Sending due task agent-15s (signal_engine.scheduler.run_agent_15s)
[2026-06-23 10:59:53,499: INFO/MainProcess] Scheduler: Sending due task agent-1m (signal_engine.scheduler.run_agent_1m)
[2026-06-23 10:59:53,582: INFO/MainProcess] Scheduler: Sending due task agent-15s (signal_engine.scheduler.run_agent_15s)
[2026-06-23 11:00:08,582: INFO/MainProcess] Scheduler: Sending due task agent-15s (signal_engine.scheduler.run_agent_15s)
[2026-06-23 11:00:23,583: INFO/MainProcess] Scheduler: Sending due task agent-15s (signal_engine.scheduler.run_agent_15s)
[2026-06-23 11:00:38,583: INFO/MainProcess] Scheduler: Sending due task agent-15s (signal_engine.scheduler.run_agent_15s)
[2026-06-23 11:00:53,500: INFO/MainProcess] Scheduler: Sending due task agent-1m (signal_engine.scheduler.run_agent_1m)
[2026-06-23 11:00:53,584: INFO/MainProcess] Scheduler: Sending due task agent-15s (signal_engine.scheduler.run_agent_15s)
[2026-06-23 11:01:08,584: INFO/MainProcess] Scheduler: Sending due task agent-15s (signal_engine.scheduler.run_agent_15s)
[2026-06-23 11:01:23,584: INFO/MainProcess] Scheduler: Sending due task agent-15s (signal_engine.scheduler.run_agent_15s)
[2026-06-23 11:01:38,584: INFO/MainProcess] Scheduler: Sending due task agent-15s (signal_engine.scheduler.run_agent_15s)
[2026-06-23 11:01:53,486: INFO/MainProcess] Scheduler: Sending due task agent-15m (signal_engine.scheduler.run_agent_15m)
[2026-06-23 11:01:53,498: INFO/MainProcess] Scheduler: Sending due task agent-5m (signal_engine.scheduler.run_agent_5m)
[2026-06-23 11:01:53,500: INFO/MainProcess] Scheduler: Sending due task agent-1m (signal_engine.scheduler.run_agent_1m)
[2026-06-23 11:01:53,584: INFO/MainProcess] Scheduler: Sending due task agent-15s (signal_engine.scheduler.run_agent_15s)
[2026-06-23 11:01:53,629: INFO/MainProcess] Scheduler: Sending due task agent-3m (signal_engine.scheduler.run_agent_3m)
[2026-06-23 11:02:08,585: INFO/MainProcess] Scheduler: Sending due task agent-15s (signal_engine.scheduler.run_agent_15s)
[2026-06-23 11:02:23,585: INFO/MainProcess] Scheduler: Sending due task agent-15s (signal_engine.scheduler.run_agent_15s)
[2026-06-23 11:02:38,704: INFO/MainProcess] Scheduler: Sending due task agent-15s (signal_engine.scheduler.run_agent_15s)
[2026-06-23 11:02:53,501: INFO/MainProcess] Scheduler: Sending due task agent-1m (signal_engine.scheduler.run_agent_1m)
[2026-06-23 11:02:53,705: INFO/MainProcess] Scheduler: Sending due task agent-15s (signal_engine.scheduler.run_agent_15s)
[2026-06-23 11:03:08,705: INFO/MainProcess] Scheduler: Sending due task agent-15s (signal_engine.scheduler.run_agent_15s)
[2026-06-23 11:03:23,706: INFO/MainProcess] Scheduler: Sending due task agent-15s (signal_engine.scheduler.run_agent_15s)
[2026-06-23 11:03:38,706: INFO/MainProcess] Scheduler: Sending due task agent-15s (signal_engine.scheduler.run_agent_15s)
[2026-06-23 11:03:53,501: INFO/MainProcess] Scheduler: Sending due task agent-1m (signal_engine.scheduler.run_agent_1m)
[2026-06-23 11:03:53,707: INFO/MainProcess] Scheduler: Sending due task agent-15s (signal_engine.scheduler.run_agent_15s)
[2026-06-23 11:04:08,708: INFO/MainProcess] Scheduler: Sending due task agent-15s (signal_engine.scheduler.run_agent_15s)
[2026-06-23 11:04:23,708: INFO/MainProcess] Scheduler: Sending due task agent-15s (signal_engine.scheduler.run_agent_15s)
[2026-06-23 11:04:38,708: INFO/MainProcess] Scheduler: Sending due task agent-15s (signal_engine.scheduler.run_agent_15s)
[2026-06-23 11:04:53,502: INFO/MainProcess] Scheduler: Sending due task agent-1m (signal_engine.scheduler.run_agent_1m)
[2026-06-23 11:04:53,629: INFO/MainProcess] Scheduler: Sending due task agent-3m (signal_engine.scheduler.run_agent_3m)
[2026-06-23 11:04:53,709: INFO/MainProcess] Scheduler: Sending due task agent-15s (signal_engine.scheduler.run_agent_15s)
[2026-06-23 11:05:08,709: INFO/MainProcess] Scheduler: Sending due task agent-15s (signal_engine.scheduler.run_agent_15s)
[2026-06-23 11:05:23,710: INFO/MainProcess] Scheduler: Sending due task agent-15s (signal_engine.scheduler.run_agent_15s)
[2026-06-23 11:05:38,711: INFO/MainProcess] Scheduler: Sending due task agent-15s (signal_engine.scheduler.run_agent_15s)
[2026-06-23 11:05:53,502: INFO/MainProcess] Scheduler: Sending due task agent-1m (signal_engine.scheduler.run_agent_1m)
[2026-06-23 11:05:53,711: INFO/MainProcess] Scheduler: Sending due task agent-15s (signal_engine.scheduler.run_agent_15s)
[2026-06-23 11:06:08,711: INFO/MainProcess] Scheduler: Sending due task agent-15s (signal_engine.scheduler.run_agent_15s)
[2026-06-23 11:06:23,712: INFO/MainProcess] Scheduler: Sending due task agent-15s (signal_engine.scheduler.run_agent_15s)
[2026-06-23 11:06:38,713: INFO/MainProcess] Scheduler: Sending due task agent-15s (signal_engine.scheduler.run_agent_15s)
[2026-06-23 11:06:53,499: INFO/MainProcess] Scheduler: Sending due task agent-5m (signal_engine.scheduler.run_agent_5m)
[2026-06-23 11:06:53,503: INFO/MainProcess] Scheduler: Sending due task agent-1m (signal_engine.scheduler.run_agent_1m)
[2026-06-23 11:06:53,713: INFO/MainProcess] Scheduler: Sending due task agent-15s (signal_engine.scheduler.run_agent_15s)
[2026-06-23 11:07:08,714: INFO/MainProcess] Scheduler: Sending due task agent-15s (signal_engine.scheduler.run_agent_15s)
[2026-06-23 11:07:23,715: INFO/MainProcess] Scheduler: Sending due task agent-15s (signal_engine.scheduler.run_agent_15s)
[2026-06-23 11:07:38,715: INFO/MainProcess] Scheduler: Sending due task agent-15s (signal_engine.scheduler.run_agent_15s)
[2026-06-23 11:07:53,503: INFO/MainProcess] Scheduler: Sending due task agent-1m (signal_engine.scheduler.run_agent_1m)
[2026-06-23 11:07:53,630: INFO/MainProcess] Scheduler: Sending due task agent-3m (signal_engine.scheduler.run_agent_3m)
[2026-06-23 11:07:53,716: INFO/MainProcess] Scheduler: Sending due task agent-15s (signal_engine.scheduler.run_agent_15s)
[2026-06-23 11:08:08,716: INFO/MainProcess] Scheduler: Sending due task agent-15s (signal_engine.scheduler.run_agent_15s)
[2026-06-23 11:08:23,717: INFO/MainProcess] Scheduler: Sending due task agent-15s (signal_engine.scheduler.run_agent_15s)
[2026-06-23 11:08:38,717: INFO/MainProcess] Scheduler: Sending due task agent-15s (signal_engine.scheduler.run_agent_15s)
[2026-06-23 11:08:53,699: INFO/MainProcess] Scheduler: Sending due task agent-1m (signal_engine.scheduler.run_agent_1m)
[2026-06-23 11:08:53,718: INFO/MainProcess] Scheduler: Sending due task agent-15s (signal_engine.scheduler.run_agent_15s)
[2026-06-23 11:09:08,719: INFO/MainProcess] Scheduler: Sending due task agent-15s (signal_engine.scheduler.run_agent_15s)
[2026-06-23 11:09:23,720: INFO/MainProcess] Scheduler: Sending due task agent-15s (signal_engine.scheduler.run_agent_15s)
[2026-06-23 11:09:38,720: INFO/MainProcess] Scheduler: Sending due task agent-15s (signal_engine.scheduler.run_agent_15s)
[2026-06-23 11:09:53,699: INFO/MainProcess] Scheduler: Sending due task agent-1m (signal_engine.scheduler.run_agent_1m)
[2026-06-23 11:09:53,778: INFO/MainProcess] Scheduler: Sending due task agent-15s (signal_engine.scheduler.run_agent_15s)
[2026-06-23 11:10:08,778: INFO/MainProcess] Scheduler: Sending due task agent-15s (signal_engine.scheduler.run_agent_15s)
[2026-06-23 11:10:23,779: INFO/MainProcess] Scheduler: Sending due task agent-15s (signal_engine.scheduler.run_agent_15s)
[2026-06-23 11:10:38,779: INFO/MainProcess] Scheduler: Sending due task agent-15s (signal_engine.scheduler.run_agent_15s)
[2026-06-23 11:10:53,630: INFO/MainProcess] Scheduler: Sending due task agent-3m (signal_engine.scheduler.run_agent_3m)
[2026-06-23 11:10:53,699: INFO/MainProcess] Scheduler: Sending due task agent-1m (signal_engine.scheduler.run_agent_1m)
[2026-06-23 11:10:53,779: INFO/MainProcess] Scheduler: Sending due task agent-15s (signal_engine.scheduler.run_agent_15s)
[2026-06-23 11:11:08,780: INFO/MainProcess] Scheduler: Sending due task agent-15s (signal_engine.scheduler.run_agent_15s)
[2026-06-23 11:11:23,781: INFO/MainProcess] Scheduler: Sending due task agent-15s (signal_engine.scheduler.run_agent_15s)
[2026-06-23 11:11:38,781: INFO/MainProcess] Scheduler: Sending due task agent-15s (signal_engine.scheduler.run_agent_15s)
[2026-06-23 11:11:53,499: INFO/MainProcess] Scheduler: Sending due task agent-5m (signal_engine.scheduler.run_agent_5m)
[2026-06-23 11:11:53,700: INFO/MainProcess] Scheduler: Sending due task agent-1m (signal_engine.scheduler.run_agent_1m)
[2026-06-23 11:11:53,858: INFO/MainProcess] Scheduler: Sending due task agent-15s (signal_engine.scheduler.run_agent_15s)
[2026-06-23 11:12:08,858: INFO/MainProcess] Scheduler: Sending due task agent-15s (signal_engine.scheduler.run_agent_15s)
[2026-06-23 11:12:23,859: INFO/MainProcess] Scheduler: Sending due task agent-15s (signal_engine.scheduler.run_agent_15s)
[2026-06-23 11:12:38,859: INFO/MainProcess] Scheduler: Sending due task agent-15s (signal_engine.scheduler.run_agent_15s)
[2026-06-23 11:12:53,700: INFO/MainProcess] Scheduler: Sending due task agent-1m (signal_engine.scheduler.run_agent_1m)
[2026-06-23 11:12:53,859: INFO/MainProcess] Scheduler: Sending due task agent-15s (signal_engine.scheduler.run_agent_15s)
[2026-06-23 11:13:08,859: INFO/MainProcess] Scheduler: Sending due task agent-15s (signal_engine.scheduler.run_agent_15s)
[2026-06-23 11:13:23,860: INFO/MainProcess] Scheduler: Sending due task agent-15s (signal_engine.scheduler.run_agent_15s)
[2026-06-23 11:13:38,860: INFO/MainProcess] Scheduler: Sending due task agent-15s (signal_engine.scheduler.run_agent_15s)
[2026-06-23 11:13:53,630: INFO/MainProcess] Scheduler: Sending due task agent-3m (signal_engine.scheduler.run_agent_3m)
[2026-06-23 11:13:53,701: INFO/MainProcess] Scheduler: Sending due task agent-1m (signal_engine.scheduler.run_agent_1m)
[2026-06-23 11:13:53,860: INFO/MainProcess] Scheduler: Sending due task agent-15s (signal_engine.scheduler.run_agent_15s)
[2026-06-23 11:14:08,860: INFO/MainProcess] Scheduler: Sending due task agent-15s (signal_engine.scheduler.run_agent_15s)
[2026-06-23 11:14:23,861: INFO/MainProcess] Scheduler: Sending due task agent-15s (signal_engine.scheduler.run_agent_15s)
[2026-06-23 11:14:38,862: INFO/MainProcess] Scheduler: Sending due task agent-15s (signal_engine.scheduler.run_agent_15s)
[2026-06-23 11:14:53,701: INFO/MainProcess] Scheduler: Sending due task agent-1m (signal_engine.scheduler.run_agent_1m)
[2026-06-23 11:14:53,862: INFO/MainProcess] Scheduler: Sending due task agent-15s (signal_engine.scheduler.run_agent_15s)
[2026-06-23 11:15:08,862: INFO/MainProcess] Scheduler: Sending due task agent-15s (signal_engine.scheduler.run_agent_15s)
[2026-06-23 11:15:23,863: INFO/MainProcess] Scheduler: Sending due task agent-15s (signal_engine.scheduler.run_agent_15s)
[2026-06-23 11:15:38,863: INFO/MainProcess] Scheduler: Sending due task agent-15s (signal_engine.scheduler.run_agent_15s)
[2026-06-23 11:15:53,702: INFO/MainProcess] Scheduler: Sending due task agent-1m (signal_engine.scheduler.run_agent_1m)
[2026-06-23 11:15:53,864: INFO/MainProcess] Scheduler: Sending due task agent-15s (signal_engine.scheduler.run_agent_15s)
[2026-06-23 11:16:08,864: INFO/MainProcess] Scheduler: Sending due task agent-15s (signal_engine.scheduler.run_agent_15s)
[2026-06-23 11:16:23,865: INFO/MainProcess] Scheduler: Sending due task agent-15s (signal_engine.scheduler.run_agent_15s)
[2026-06-23 11:16:38,866: INFO/MainProcess] Scheduler: Sending due task agent-15s (signal_engine.scheduler.run_agent_15s)
[2026-06-23 11:16:53,487: INFO/MainProcess] Scheduler: Sending due task agent-15m (signal_engine.scheduler.run_agent_15m)
[2026-06-23 11:16:53,568: INFO/MainProcess] Scheduler: Sending due task agent-5m (signal_engine.scheduler.run_agent_5m)
[2026-06-23 11:16:53,631: INFO/MainProcess] Scheduler: Sending due task agent-3m (signal_engine.scheduler.run_agent_3m)
[2026-06-23 11:16:53,702: INFO/MainProcess] Scheduler: Sending due task agent-1m (signal_engine.scheduler.run_agent_1m)
[2026-06-23 11:16:53,867: INFO/MainProcess] Scheduler: Sending due task agent-15s (signal_engine.scheduler.run_agent_15s)
[2026-06-23 11:17:08,867: INFO/MainProcess] Scheduler: Sending due task agent-15s (signal_engine.scheduler.run_agent_15s)
[2026-06-23 11:17:23,868: INFO/MainProcess] Scheduler: Sending due task agent-15s (signal_engine.scheduler.run_agent_15s)
[2026-06-23 11:17:38,868: INFO/MainProcess] Scheduler: Sending due task agent-15s (signal_engine.scheduler.run_agent_15s)
[2026-06-23 11:17:53,702: INFO/MainProcess] Scheduler: Sending due task agent-1m (signal_engine.scheduler.run_agent_1m)
[2026-06-23 11:17:53,869: INFO/MainProcess] Scheduler: Sending due task agent-15s (signal_engine.scheduler.run_agent_15s)
[2026-06-23 11:18:09,069: INFO/MainProcess] Scheduler: Sending due task agent-15s (signal_engine.scheduler.run_agent_15s)
[2026-06-23 11:18:24,070: INFO/MainProcess] Scheduler: Sending due task agent-15s (signal_engine.scheduler.run_agent_15s)
[2026-06-23 11:18:39,071: INFO/MainProcess] Scheduler: Sending due task agent-15s (signal_engine.scheduler.run_agent_15s)
[2026-06-23 11:18:53,703: INFO/MainProcess] Scheduler: Sending due task agent-1m (signal_engine.scheduler.run_agent_1m)
[2026-06-23 11:18:54,071: INFO/MainProcess] Scheduler: Sending due task agent-15s (signal_engine.scheduler.run_agent_15s)
[2026-06-23 11:19:09,072: INFO/MainProcess] Scheduler: Sending due task agent-15s (signal_engine.scheduler.run_agent_15s)
[2026-06-23 11:19:24,073: INFO/MainProcess] Scheduler: Sending due task agent-15s (signal_engine.scheduler.run_agent_15s)
[2026-06-23 11:19:39,073: INFO/MainProcess] Scheduler: Sending due task agent-15s (signal_engine.scheduler.run_agent_15s)
[2026-06-23 11:19:53,631: INFO/MainProcess] Scheduler: Sending due task agent-3m (signal_engine.scheduler.run_agent_3m)
[2026-06-23 11:19:53,703: INFO/MainProcess] Scheduler: Sending due task agent-1m (signal_engine.scheduler.run_agent_1m)
[2026-06-23 11:19:54,073: INFO/MainProcess] Scheduler: Sending due task agent-15s (signal_engine.scheduler.run_agent_15s)
[2026-06-23 11:20:09,074: INFO/MainProcess] Scheduler: Sending due task agent-15s (signal_engine.scheduler.run_agent_15s)
[2026-06-23 11:20:24,075: INFO/MainProcess] Scheduler: Sending due task agent-15s (signal_engine.scheduler.run_agent_15s)
[2026-06-23 11:20:39,075: INFO/MainProcess] Scheduler: Sending due task agent-15s (signal_engine.scheduler.run_agent_15s)
[2026-06-23 11:20:53,704: INFO/MainProcess] Scheduler: Sending due task agent-1m (signal_engine.scheduler.run_agent_1m)
[2026-06-23 11:20:54,075: INFO/MainProcess] Scheduler: Sending due task agent-15s (signal_engine.scheduler.run_agent_15s)
[2026-06-23 11:21:09,075: INFO/MainProcess] Scheduler: Sending due task agent-15s (signal_engine.scheduler.run_agent_15s)
[2026-06-23 11:21:24,076: INFO/MainProcess] Scheduler: Sending due task agent-15s (signal_engine.scheduler.run_agent_15s)
[2026-06-23 11:21:39,077: INFO/MainProcess] Scheduler: Sending due task agent-15s (signal_engine.scheduler.run_agent_15s)
[2026-06-23 11:21:53,568: INFO/MainProcess] Scheduler: Sending due task agent-5m (signal_engine.scheduler.run_agent_5m)
[2026-06-23 11:21:53,705: INFO/MainProcess] Scheduler: Sending due task agent-1m (signal_engine.scheduler.run_agent_1m)
[2026-06-23 11:21:54,077: INFO/MainProcess] Scheduler: Sending due task agent-15s (signal_engine.scheduler.run_agent_15s)
[2026-06-23 11:22:09,078: INFO/MainProcess] Scheduler: Sending due task agent-15s (signal_engine.scheduler.run_agent_15s)
[2026-06-23 11:22:24,078: INFO/MainProcess] Scheduler: Sending due task agent-15s (signal_engine.scheduler.run_agent_15s)
[2026-06-23 11:22:39,079: INFO/MainProcess] Scheduler: Sending due task agent-15s (signal_engine.scheduler.run_agent_15s)
[2026-06-23 11:22:53,632: INFO/MainProcess] Scheduler: Sending due task agent-3m (signal_engine.scheduler.run_agent_3m)
[2026-06-23 11:22:53,705: INFO/MainProcess] Scheduler: Sending due task agent-1m (signal_engine.scheduler.run_agent_1m)
[2026-06-23 11:22:54,080: INFO/MainProcess] Scheduler: Sending due task agent-15s (signal_engine.scheduler.run_agent_15s)
[2026-06-23 11:23:09,081: INFO/MainProcess] Scheduler: Sending due task agent-15s (signal_engine.scheduler.run_agent_15s)
[2026-06-23 11:23:24,081: INFO/MainProcess] Scheduler: Sending due task agent-15s (signal_engine.scheduler.run_agent_15s)
[2026-06-23 11:23:39,082: INFO/MainProcess] Scheduler: Sending due task agent-15s (signal_engine.scheduler.run_agent_15s)
[2026-06-23 11:23:53,705: INFO/MainProcess] Scheduler: Sending due task agent-1m (signal_engine.scheduler.run_agent_1m)
[2026-06-23 11:23:54,082: INFO/MainProcess] Scheduler: Sending due task agent-15s (signal_engine.scheduler.run_agent_15s)
[2026-06-23 11:24:09,083: INFO/MainProcess] Scheduler: Sending due task agent-15s (signal_engine.scheduler.run_agent_15s)
[2026-06-23 11:24:24,194: INFO/MainProcess] Scheduler: Sending due task agent-15s (signal_engine.scheduler.run_agent_15s)
[2026-06-23 11:24:39,195: INFO/MainProcess] Scheduler: Sending due task agent-15s (signal_engine.scheduler.run_agent_15s)
[2026-06-23 11:24:53,706: INFO/MainProcess] Scheduler: Sending due task agent-1m (signal_engine.scheduler.run_agent_1m)
[2026-06-23 11:24:54,196: INFO/MainProcess] Scheduler: Sending due task agent-15s (signal_engine.scheduler.run_agent_15s)
[2026-06-23 11:25:09,197: INFO/MainProcess] Scheduler: Sending due task agent-15s (signal_engine.scheduler.run_agent_15s)
[2026-06-23 11:25:24,197: INFO/MainProcess] Scheduler: Sending due task agent-15s (signal_engine.scheduler.run_agent_15s)
[2026-06-23 11:25:39,197: INFO/MainProcess] Scheduler: Sending due task agent-15s (signal_engine.scheduler.run_agent_15s)
[2026-06-23 11:25:53,632: INFO/MainProcess] Scheduler: Sending due task agent-3m (signal_engine.scheduler.run_agent_3m)
[2026-06-23 11:25:53,706: INFO/MainProcess] Scheduler: Sending due task agent-1m (signal_engine.scheduler.run_agent_1m)
[2026-06-23 11:25:54,197: INFO/MainProcess] Scheduler: Sending due task agent-15s (signal_engine.scheduler.run_agent_15s)
[2026-06-23 11:26:09,198: INFO/MainProcess] Scheduler: Sending due task agent-15s (signal_engine.scheduler.run_agent_15s)
[2026-06-23 11:26:24,198: INFO/MainProcess] Scheduler: Sending due task agent-15s (signal_engine.scheduler.run_agent_15s)
[2026-06-23 11:26:39,198: INFO/MainProcess] Scheduler: Sending due task agent-15s (signal_engine.scheduler.run_agent_15s)
[2026-06-23 11:26:53,568: INFO/MainProcess] Scheduler: Sending due task agent-5m (signal_engine.scheduler.run_agent_5m)
[2026-06-23 11:26:53,707: INFO/MainProcess] Scheduler: Sending due task agent-1m (signal_engine.scheduler.run_agent_1m)
[2026-06-23 11:26:54,198: INFO/MainProcess] Scheduler: Sending due task agent-15s (signal_engine.scheduler.run_agent_15s)
[2026-06-23 11:27:09,199: INFO/MainProcess] Scheduler: Sending due task agent-15s (signal_engine.scheduler.run_agent_15s)
[2026-06-23 11:27:24,199: INFO/MainProcess] Scheduler: Sending due task agent-15s (signal_engine.scheduler.run_agent_15s)
[2026-06-23 11:27:39,200: INFO/MainProcess] Scheduler: Sending due task agent-15s (signal_engine.scheduler.run_agent_15s)
[2026-06-23 11:27:53,707: INFO/MainProcess] Scheduler: Sending due task agent-1m (signal_engine.scheduler.run_agent_1m)
[2026-06-23 11:27:54,200: INFO/MainProcess] Scheduler: Sending due task agent-15s (signal_engine.scheduler.run_agent_15s)
[2026-06-23 11:28:09,200: INFO/MainProcess] Scheduler: Sending due task agent-15s (signal_engine.scheduler.run_agent_15s)
[2026-06-23 11:28:24,200: INFO/MainProcess] Scheduler: Sending due task agent-15s (signal_engine.scheduler.run_agent_15s)
[2026-06-23 11:28:39,201: INFO/MainProcess] Scheduler: Sending due task agent-15s (signal_engine.scheduler.run_agent_15s)
[2026-06-23 11:28:53,632: INFO/MainProcess] Scheduler: Sending due task agent-3m (signal_engine.scheduler.run_agent_3m)
[2026-06-23 11:28:53,707: INFO/MainProcess] Scheduler: Sending due task agent-1m (signal_engine.scheduler.run_agent_1m)
[2026-06-23 11:28:54,201: INFO/MainProcess] Scheduler: Sending due task agent-15s (signal_engine.scheduler.run_agent_15s)
[2026-06-23 11:29:09,202: INFO/MainProcess] Scheduler: Sending due task agent-15s (signal_engine.scheduler.run_agent_15s)
[2026-06-23 11:29:24,202: INFO/MainProcess] Scheduler: Sending due task agent-15s (signal_engine.scheduler.run_agent_15s)
[2026-06-23 11:29:39,202: INFO/MainProcess] Scheduler: Sending due task agent-15s (signal_engine.scheduler.run_agent_15s)
[2026-06-23 11:29:53,708: INFO/MainProcess] Scheduler: Sending due task agent-1m (signal_engine.scheduler.run_agent_1m)
[2026-06-23 11:29:54,203: INFO/MainProcess] Scheduler: Sending due task agent-15s (signal_engine.scheduler.run_agent_15s)
[2026-06-23 11:30:09,203: INFO/MainProcess] Scheduler: Sending due task agent-15s (signal_engine.scheduler.run_agent_15s)
[2026-06-23 11:30:24,204: INFO/MainProcess] Scheduler: Sending due task agent-15s (signal_engine.scheduler.run_agent_15s)
[2026-06-23 11:30:39,301: INFO/MainProcess] Scheduler: Sending due task agent-15s (signal_engine.scheduler.run_agent_15s)
[2026-06-23 11:30:53,709: INFO/MainProcess] Scheduler: Sending due task agent-1m (signal_engine.scheduler.run_agent_1m)
[2026-06-23 11:30:54,302: INFO/MainProcess] Scheduler: Sending due task agent-15s (signal_engine.scheduler.run_agent_15s)
[2026-06-23 11:31:09,303: INFO/MainProcess] Scheduler: Sending due task agent-15s (signal_engine.scheduler.run_agent_15s)
[2026-06-23 11:31:24,303: INFO/MainProcess] Scheduler: Sending due task agent-15s (signal_engine.scheduler.run_agent_15s)
[2026-06-23 11:31:39,304: INFO/MainProcess] Scheduler: Sending due task agent-15s (signal_engine.scheduler.run_agent_15s)
[2026-06-23 11:31:53,488: INFO/MainProcess] Scheduler: Sending due task agent-15m (signal_engine.scheduler.run_agent_15m)
[2026-06-23 11:31:53,633: INFO/MainProcess] Scheduler: Sending due task agent-3m (signal_engine.scheduler.run_agent_3m)
[2026-06-23 11:31:53,635: INFO/MainProcess] Scheduler: Sending due task agent-5m (signal_engine.scheduler.run_agent_5m)
[2026-06-23 11:31:53,710: INFO/MainProcess] Scheduler: Sending due task agent-1m (signal_engine.scheduler.run_agent_1m)
[2026-06-23 11:31:54,304: INFO/MainProcess] Scheduler: Sending due task agent-15s (signal_engine.scheduler.run_agent_15s)
[2026-06-23 11:32:09,305: INFO/MainProcess] Scheduler: Sending due task agent-15s (signal_engine.scheduler.run_agent_15s)
[2026-06-23 11:32:24,305: INFO/MainProcess] Scheduler: Sending due task agent-15s (signal_engine.scheduler.run_agent_15s)
[2026-06-23 11:32:39,306: INFO/MainProcess] Scheduler: Sending due task agent-15s (signal_engine.scheduler.run_agent_15s)
[2026-06-23 11:32:53,710: INFO/MainProcess] Scheduler: Sending due task agent-1m (signal_engine.scheduler.run_agent_1m)
[2026-06-23 11:32:54,306: INFO/MainProcess] Scheduler: Sending due task agent-15s (signal_engine.scheduler.run_agent_15s)
[2026-06-23 11:33:09,306: INFO/MainProcess] Scheduler: Sending due task agent-15s (signal_engine.scheduler.run_agent_15s)
[2026-06-23 11:33:24,307: INFO/MainProcess] Scheduler: Sending due task agent-15s (signal_engine.scheduler.run_agent_15s)
[2026-06-23 11:33:39,308: INFO/MainProcess] Scheduler: Sending due task agent-15s (signal_engine.scheduler.run_agent_15s)
[2026-06-23 11:33:53,827: INFO/MainProcess] Scheduler: Sending due task agent-1m (signal_engine.scheduler.run_agent_1m)
[2026-06-23 11:33:54,308: INFO/MainProcess] Scheduler: Sending due task agent-15s (signal_engine.scheduler.run_agent_15s)
[2026-06-23 11:34:09,309: INFO/MainProcess] Scheduler: Sending due task agent-15s (signal_engine.scheduler.run_agent_15s)
[2026-06-23 11:34:24,310: INFO/MainProcess] Scheduler: Sending due task agent-15s (signal_engine.scheduler.run_agent_15s)
[2026-06-23 11:34:39,310: INFO/MainProcess] Scheduler: Sending due task agent-15s (signal_engine.scheduler.run_agent_15s)
[2026-06-23 11:34:53,634: INFO/MainProcess] Scheduler: Sending due task agent-3m (signal_engine.scheduler.run_agent_3m)
[2026-06-23 11:34:53,828: INFO/MainProcess] Scheduler: Sending due task agent-1m (signal_engine.scheduler.run_agent_1m)
[2026-06-23 11:34:54,311: INFO/MainProcess] Scheduler: Sending due task agent-15s (signal_engine.scheduler.run_agent_15s)
[2026-06-23 11:35:09,311: INFO/MainProcess] Scheduler: Sending due task agent-15s (signal_engine.scheduler.run_agent_15s)
[2026-06-23 11:35:24,312: INFO/MainProcess] Scheduler: Sending due task agent-15s (signal_engine.scheduler.run_agent_15s)
[2026-06-23 11:35:39,313: INFO/MainProcess] Scheduler: Sending due task agent-15s (signal_engine.scheduler.run_agent_15s)
[2026-06-23 11:35:53,828: INFO/MainProcess] Scheduler: Sending due task agent-1m (signal_engine.scheduler.run_agent_1m)
[2026-06-23 11:35:54,313: INFO/MainProcess] Scheduler: Sending due task agent-15s (signal_engine.scheduler.run_agent_15s)
[2026-06-23 11:36:09,314: INFO/MainProcess] Scheduler: Sending due task agent-15s (signal_engine.scheduler.run_agent_15s)
[2026-06-23 11:36:24,314: INFO/MainProcess] Scheduler: Sending due task agent-15s (signal_engine.scheduler.run_agent_15s)
[2026-06-23 11:36:39,314: INFO/MainProcess] Scheduler: Sending due task agent-15s (signal_engine.scheduler.run_agent_15s)
[2026-06-23 11:36:53,636: INFO/MainProcess] Scheduler: Sending due task agent-5m (signal_engine.scheduler.run_agent_5m)
[2026-06-23 11:36:53,829: INFO/MainProcess] Scheduler: Sending due task agent-1m (signal_engine.scheduler.run_agent_1m)
[2026-06-23 11:36:54,314: INFO/MainProcess] Scheduler: Sending due task agent-15s (signal_engine.scheduler.run_agent_15s)
[2026-06-23 11:37:09,314: INFO/MainProcess] Scheduler: Sending due task agent-15s (signal_engine.scheduler.run_agent_15s)
[2026-06-23 11:37:24,314: INFO/MainProcess] Scheduler: Sending due task agent-15s (signal_engine.scheduler.run_agent_15s)
[2026-06-23 11:37:39,315: INFO/MainProcess] Scheduler: Sending due task agent-15s (signal_engine.scheduler.run_agent_15s)
[2026-06-23 11:37:53,635: INFO/MainProcess] Scheduler: Sending due task agent-3m (signal_engine.scheduler.run_agent_3m)
[2026-06-23 11:37:53,829: INFO/MainProcess] Scheduler: Sending due task agent-1m (signal_engine.scheduler.run_agent_1m)
[2026-06-23 11:37:54,315: INFO/MainProcess] Scheduler: Sending due task agent-15s (signal_engine.scheduler.run_agent_15s)
[2026-06-23 11:38:09,316: INFO/MainProcess] Scheduler: Sending due task agent-15s (signal_engine.scheduler.run_agent_15s)
[2026-06-23 11:38:24,316: INFO/MainProcess] Scheduler: Sending due task agent-15s (signal_engine.scheduler.run_agent_15s)
[2026-06-23 11:38:39,317: INFO/MainProcess] Scheduler: Sending due task agent-15s (signal_engine.scheduler.run_agent_15s)
[2026-06-23 11:38:53,830: INFO/MainProcess] Scheduler: Sending due task agent-1m (signal_engine.scheduler.run_agent_1m)
[2026-06-23 11:38:54,317: INFO/MainProcess] Scheduler: Sending due task agent-15s (signal_engine.scheduler.run_agent_15s)
[2026-06-23 11:39:09,317: INFO/MainProcess] Scheduler: Sending due task agent-15s (signal_engine.scheduler.run_agent_15s)
[2026-06-23 11:39:24,317: INFO/MainProcess] Scheduler: Sending due task agent-15s (signal_engine.scheduler.run_agent_15s)
[2026-06-23 11:39:39,318: INFO/MainProcess] Scheduler: Sending due task agent-15s (signal_engine.scheduler.run_agent_15s)
[2026-06-23 11:39:53,831: INFO/MainProcess] Scheduler: Sending due task agent-1m (signal_engine.scheduler.run_agent_1m)
[2026-06-23 11:39:54,447: INFO/MainProcess] Scheduler: Sending due task agent-15s (signal_engine.scheduler.run_agent_15s)
[2026-06-23 11:40:09,447: INFO/MainProcess] Scheduler: Sending due task agent-15s (signal_engine.scheduler.run_agent_15s)
[2026-06-23 11:40:24,448: INFO/MainProcess] Scheduler: Sending due task agent-15s (signal_engine.scheduler.run_agent_15s)
[2026-06-23 11:40:39,448: INFO/MainProcess] Scheduler: Sending due task agent-15s (signal_engine.scheduler.run_agent_15s)
[2026-06-23 11:40:53,635: INFO/MainProcess] Scheduler: Sending due task agent-3m (signal_engine.scheduler.run_agent_3m)
[2026-06-23 11:40:53,831: INFO/MainProcess] Scheduler: Sending due task agent-1m (signal_engine.scheduler.run_agent_1m)
[2026-06-23 11:40:54,449: INFO/MainProcess] Scheduler: Sending due task agent-15s (signal_engine.scheduler.run_agent_15s)
[2026-06-23 11:41:09,450: INFO/MainProcess] Scheduler: Sending due task agent-15s (signal_engine.scheduler.run_agent_15s)
[2026-06-23 11:41:24,450: INFO/MainProcess] Scheduler: Sending due task agent-15s (signal_engine.scheduler.run_agent_15s)
[2026-06-23 11:41:39,451: INFO/MainProcess] Scheduler: Sending due task agent-15s (signal_engine.scheduler.run_agent_15s)
[2026-06-23 11:41:53,637: INFO/MainProcess] Scheduler: Sending due task agent-5m (signal_engine.scheduler.run_agent_5m)
[2026-06-23 11:41:53,832: INFO/MainProcess] Scheduler: Sending due task agent-1m (signal_engine.scheduler.run_agent_1m)
[2026-06-23 11:41:54,452: INFO/MainProcess] Scheduler: Sending due task agent-15s (signal_engine.scheduler.run_agent_15s)
[2026-06-23 11:42:09,452: INFO/MainProcess] Scheduler: Sending due task agent-15s (signal_engine.scheduler.run_agent_15s)
[2026-06-23 11:42:24,452: INFO/MainProcess] Scheduler: Sending due task agent-15s (signal_engine.scheduler.run_agent_15s)
[2026-06-23 11:42:39,452: INFO/MainProcess] Scheduler: Sending due task agent-15s (signal_engine.scheduler.run_agent_15s)
[2026-06-23 11:42:53,832: INFO/MainProcess] Scheduler: Sending due task agent-1m (signal_engine.scheduler.run_agent_1m)
[2026-06-23 11:42:54,453: INFO/MainProcess] Scheduler: Sending due task agent-15s (signal_engine.scheduler.run_agent_15s)
[2026-06-23 11:43:09,453: INFO/MainProcess] Scheduler: Sending due task agent-15s (signal_engine.scheduler.run_agent_15s)
[2026-06-23 11:43:24,453: INFO/MainProcess] Scheduler: Sending due task agent-15s (signal_engine.scheduler.run_agent_15s)
[2026-06-23 11:43:39,453: INFO/MainProcess] Scheduler: Sending due task agent-15s (signal_engine.scheduler.run_agent_15s)
[2026-06-23 11:43:53,636: INFO/MainProcess] Scheduler: Sending due task agent-3m (signal_engine.scheduler.run_agent_3m)
[2026-06-23 11:43:53,832: INFO/MainProcess] Scheduler: Sending due task agent-1m (signal_engine.scheduler.run_agent_1m)
[2026-06-23 11:43:54,453: INFO/MainProcess] Scheduler: Sending due task agent-15s (signal_engine.scheduler.run_agent_15s)
[2026-06-23 11:44:09,458: INFO/MainProcess] Scheduler: Sending due task agent-15s (signal_engine.scheduler.run_agent_15s)
[2026-06-23 11:44:24,457: INFO/MainProcess] Scheduler: Sending due task agent-15s (signal_engine.scheduler.run_agent_15s)
[2026-06-23 11:44:39,457: INFO/MainProcess] Scheduler: Sending due task agent-15s (signal_engine.scheduler.run_agent_15s)
[2026-06-23 11:44:53,833: INFO/MainProcess] Scheduler: Sending due task agent-1m (signal_engine.scheduler.run_agent_1m)
[2026-06-23 11:44:54,457: INFO/MainProcess] Scheduler: Sending due task agent-15s (signal_engine.scheduler.run_agent_15s)
[2026-06-23 11:45:09,458: INFO/MainProcess] Scheduler: Sending due task agent-15s (signal_engine.scheduler.run_agent_15s)
[2026-06-23 11:45:24,458: INFO/MainProcess] Scheduler: Sending due task agent-15s (signal_engine.scheduler.run_agent_15s)
[2026-06-23 11:45:39,459: INFO/MainProcess] Scheduler: Sending due task agent-15s (signal_engine.scheduler.run_agent_15s)
[2026-06-23 11:45:53,833: INFO/MainProcess] Scheduler: Sending due task agent-1m (signal_engine.scheduler.run_agent_1m)
[2026-06-23 11:45:54,459: INFO/MainProcess] Scheduler: Sending due task agent-15s (signal_engine.scheduler.run_agent_15s)
[2026-06-23 11:46:09,578: INFO/MainProcess] Scheduler: Sending due task agent-15s (signal_engine.scheduler.run_agent_15s)
[2026-06-23 11:46:24,578: INFO/MainProcess] Scheduler: Sending due task agent-15s (signal_engine.scheduler.run_agent_15s)
[2026-06-23 11:46:39,579: INFO/MainProcess] Scheduler: Sending due task agent-15s (signal_engine.scheduler.run_agent_15s)
[2026-06-23 11:46:53,489: INFO/MainProcess] Scheduler: Sending due task agent-15m (signal_engine.scheduler.run_agent_15m)
[2026-06-23 11:46:53,500: INFO/MainProcess] Scheduler: Sending due task agent-1h (signal_engine.scheduler.run_agent_1h)
[2026-06-23 11:46:53,637: INFO/MainProcess] Scheduler: Sending due task agent-5m (signal_engine.scheduler.run_agent_5m)
[2026-06-23 11:46:53,639: INFO/MainProcess] Scheduler: Sending due task agent-3m (signal_engine.scheduler.run_agent_3m)
[2026-06-23 11:46:53,833: INFO/MainProcess] Scheduler: Sending due task agent-1m (signal_engine.scheduler.run_agent_1m)
[2026-06-23 11:46:54,579: INFO/MainProcess] Scheduler: Sending due task agent-15s (signal_engine.scheduler.run_agent_15s)
[2026-06-23 11:47:09,579: INFO/MainProcess] Scheduler: Sending due task agent-15s (signal_engine.scheduler.run_agent_15s)
[2026-06-23 11:47:24,580: INFO/MainProcess] Scheduler: Sending due task agent-15s (signal_engine.scheduler.run_agent_15s)
[2026-06-23 11:47:39,580: INFO/MainProcess] Scheduler: Sending due task agent-15s (signal_engine.scheduler.run_agent_15s)
[2026-06-23 11:47:53,834: INFO/MainProcess] Scheduler: Sending due task agent-1m (signal_engine.scheduler.run_agent_1m)
[2026-06-23 11:47:54,581: INFO/MainProcess] Scheduler: Sending due task agent-15s (signal_engine.scheduler.run_agent_15s)
[2026-06-23 11:48:09,581: INFO/MainProcess] Scheduler: Sending due task agent-15s (signal_engine.scheduler.run_agent_15s)
[2026-06-23 11:48:24,581: INFO/MainProcess] Scheduler: Sending due task agent-15s (signal_engine.scheduler.run_agent_15s)
[2026-06-23 11:48:39,582: INFO/MainProcess] Scheduler: Sending due task agent-15s (signal_engine.scheduler.run_agent_15s)
[2026-06-23 11:48:53,835: INFO/MainProcess] Scheduler: Sending due task agent-1m (signal_engine.scheduler.run_agent_1m)
[2026-06-23 11:48:54,582: INFO/MainProcess] Scheduler: Sending due task agent-15s (signal_engine.scheduler.run_agent_15s)
[2026-06-23 11:49:09,583: INFO/MainProcess] Scheduler: Sending due task agent-15s (signal_engine.scheduler.run_agent_15s)
[2026-06-23 11:49:24,583: INFO/MainProcess] Scheduler: Sending due task agent-15s (signal_engine.scheduler.run_agent_15s)
[2026-06-23 11:49:39,584: INFO/MainProcess] Scheduler: Sending due task agent-15s (signal_engine.scheduler.run_agent_15s)
[2026-06-23 11:49:53,640: INFO/MainProcess] Scheduler: Sending due task agent-3m (signal_engine.scheduler.run_agent_3m)
[2026-06-23 11:49:53,835: INFO/MainProcess] Scheduler: Sending due task agent-1m (signal_engine.scheduler.run_agent_1m)
[2026-06-23 11:49:54,584: INFO/MainProcess] Scheduler: Sending due task agent-15s (signal_engine.scheduler.run_agent_15s)
[2026-06-23 11:50:09,584: INFO/MainProcess] Scheduler: Sending due task agent-15s (signal_engine.scheduler.run_agent_15s)
[2026-06-23 11:50:24,584: INFO/MainProcess] Scheduler: Sending due task agent-15s (signal_engine.scheduler.run_agent_15s)
[2026-06-23 11:50:39,585: INFO/MainProcess] Scheduler: Sending due task agent-15s (signal_engine.scheduler.run_agent_15s)
[2026-06-23 11:50:53,836: INFO/MainProcess] Scheduler: Sending due task agent-1m (signal_engine.scheduler.run_agent_1m)
[2026-06-23 11:50:54,585: INFO/MainProcess] Scheduler: Sending due task agent-15s (signal_engine.scheduler.run_agent_15s)
[2026-06-23 11:51:09,585: INFO/MainProcess] Scheduler: Sending due task agent-15s (signal_engine.scheduler.run_agent_15s)
[2026-06-23 11:51:24,586: INFO/MainProcess] Scheduler: Sending due task agent-15s (signal_engine.scheduler.run_agent_15s)
[2026-06-23 11:51:39,586: INFO/MainProcess] Scheduler: Sending due task agent-15s (signal_engine.scheduler.run_agent_15s)
[2026-06-23 11:51:53,637: INFO/MainProcess] Scheduler: Sending due task agent-5m (signal_engine.scheduler.run_agent_5m)
[2026-06-23 11:51:53,837: INFO/MainProcess] Scheduler: Sending due task agent-1m (signal_engine.scheduler.run_agent_1m)
[2026-06-23 11:51:54,586: INFO/MainProcess] Scheduler: Sending due task agent-15s (signal_engine.scheduler.run_agent_15s)
[2026-06-23 11:52:09,587: INFO/MainProcess] Scheduler: Sending due task agent-15s (signal_engine.scheduler.run_agent_15s)
[2026-06-23 11:52:24,724: INFO/MainProcess] Scheduler: Sending due task agent-15s (signal_engine.scheduler.run_agent_15s)
[2026-06-23 11:52:39,724: INFO/MainProcess] Scheduler: Sending due task agent-15s (signal_engine.scheduler.run_agent_15s)
[2026-06-23 11:52:53,640: INFO/MainProcess] Scheduler: Sending due task agent-3m (signal_engine.scheduler.run_agent_3m)
[2026-06-23 11:52:53,838: INFO/MainProcess] Scheduler: Sending due task agent-1m (signal_engine.scheduler.run_agent_1m)
[2026-06-23 11:52:54,725: INFO/MainProcess] Scheduler: Sending due task agent-15s (signal_engine.scheduler.run_agent_15s)
[2026-06-23 11:53:09,726: INFO/MainProcess] Scheduler: Sending due task agent-15s (signal_engine.scheduler.run_agent_15s)
[2026-06-23 11:53:24,726: INFO/MainProcess] Scheduler: Sending due task agent-15s (signal_engine.scheduler.run_agent_15s)
[2026-06-23 11:53:39,727: INFO/MainProcess] Scheduler: Sending due task agent-15s (signal_engine.scheduler.run_agent_15s)
[2026-06-23 11:53:53,838: INFO/MainProcess] Scheduler: Sending due task agent-1m (signal_engine.scheduler.run_agent_1m)
[2026-06-23 11:53:54,727: INFO/MainProcess] Scheduler: Sending due task agent-15s (signal_engine.scheduler.run_agent_15s)
[2026-06-23 11:54:09,727: INFO/MainProcess] Scheduler: Sending due task agent-15s (signal_engine.scheduler.run_agent_15s)
[2026-06-23 11:54:24,727: INFO/MainProcess] Scheduler: Sending due task agent-15s (signal_engine.scheduler.run_agent_15s)
[2026-06-23 11:54:39,728: INFO/MainProcess] Scheduler: Sending due task agent-15s (signal_engine.scheduler.run_agent_15s)
[2026-06-23 11:54:53,838: INFO/MainProcess] Scheduler: Sending due task agent-1m (signal_engine.scheduler.run_agent_1m)
[2026-06-23 11:54:54,728: INFO/MainProcess] Scheduler: Sending due task agent-15s (signal_engine.scheduler.run_agent_15s)
[2026-06-23 11:55:09,729: INFO/MainProcess] Scheduler: Sending due task agent-15s (signal_engine.scheduler.run_agent_15s)
[2026-06-23 11:55:24,729: INFO/MainProcess] Scheduler: Sending due task agent-15s (signal_engine.scheduler.run_agent_15s)
[2026-06-23 11:55:39,729: INFO/MainProcess] Scheduler: Sending due task agent-15s (signal_engine.scheduler.run_agent_15s)
[2026-06-23 11:55:53,640: INFO/MainProcess] Scheduler: Sending due task agent-3m (signal_engine.scheduler.run_agent_3m)
[2026-06-23 11:55:53,839: INFO/MainProcess] Scheduler: Sending due task agent-1m (signal_engine.scheduler.run_agent_1m)
[2026-06-23 11:55:54,730: INFO/MainProcess] Scheduler: Sending due task agent-15s (signal_engine.scheduler.run_agent_15s)
[2026-06-23 11:56:09,730: INFO/MainProcess] Scheduler: Sending due task agent-15s (signal_engine.scheduler.run_agent_15s)
[2026-06-23 11:56:24,730: INFO/MainProcess] Scheduler: Sending due task agent-15s (signal_engine.scheduler.run_agent_15s)
[2026-06-23 11:56:39,731: INFO/MainProcess] Scheduler: Sending due task agent-15s (signal_engine.scheduler.run_agent_15s)
[2026-06-23 11:56:53,637: INFO/MainProcess] Scheduler: Sending due task agent-5m (signal_engine.scheduler.run_agent_5m)
[2026-06-23 11:56:53,839: INFO/MainProcess] Scheduler: Sending due task agent-1m (signal_engine.scheduler.run_agent_1m)
[2026-06-23 11:56:54,732: INFO/MainProcess] Scheduler: Sending due task agent-15s (signal_engine.scheduler.run_agent_15s)
[2026-06-23 11:57:09,732: INFO/MainProcess] Scheduler: Sending due task agent-15s (signal_engine.scheduler.run_agent_15s)
[2026-06-23 11:57:24,733: INFO/MainProcess] Scheduler: Sending due task agent-15s (signal_engine.scheduler.run_agent_15s)
[2026-06-23 11:57:39,734: INFO/MainProcess] Scheduler: Sending due task agent-15s (signal_engine.scheduler.run_agent_15s)
[2026-06-23 11:57:53,840: INFO/MainProcess] Scheduler: Sending due task agent-1m (signal_engine.scheduler.run_agent_1m)
[2026-06-23 11:57:54,734: INFO/MainProcess] Scheduler: Sending due task agent-15s (signal_engine.scheduler.run_agent_15s)
[2026-06-23 11:58:09,734: INFO/MainProcess] Scheduler: Sending due task agent-15s (signal_engine.scheduler.run_agent_15s)
[2026-06-23 11:58:24,734: INFO/MainProcess] Scheduler: Sending due task agent-15s (signal_engine.scheduler.run_agent_15s)
[2026-06-23 11:58:39,873: INFO/MainProcess] Scheduler: Sending due task agent-15s (signal_engine.scheduler.run_agent_15s)
[2026-06-23 11:58:53,641: INFO/MainProcess] Scheduler: Sending due task agent-3m (signal_engine.scheduler.run_agent_3m)
[2026-06-23 11:58:53,840: INFO/MainProcess] Scheduler: Sending due task agent-1m (signal_engine.scheduler.run_agent_1m)
[2026-06-23 11:58:54,872: INFO/MainProcess] Scheduler: Sending due task agent-15s (signal_engine.scheduler.run_agent_15s)
[2026-06-23 11:59:09,873: INFO/MainProcess] Scheduler: Sending due task agent-15s (signal_engine.scheduler.run_agent_15s)
[2026-06-23 11:59:24,874: INFO/MainProcess] Scheduler: Sending due task agent-15s (signal_engine.scheduler.run_agent_15s)
[2026-06-23 11:59:39,874: INFO/MainProcess] Scheduler: Sending due task agent-15s (signal_engine.scheduler.run_agent_15s)
[2026-06-23 11:59:53,840: INFO/MainProcess] Scheduler: Sending due task agent-1m (signal_engine.scheduler.run_agent_1m)
[2026-06-23 11:59:54,875: INFO/MainProcess] Scheduler: Sending due task agent-15s (signal_engine.scheduler.run_agent_15s)
[2026-06-23 12:00:09,876: INFO/MainProcess] Scheduler: Sending due task agent-15s (signal_engine.scheduler.run_agent_15s)
[2026-06-23 12:00:24,876: INFO/MainProcess] Scheduler: Sending due task agent-15s (signal_engine.scheduler.run_agent_15s)
[2026-06-23 12:00:39,877: INFO/MainProcess] Scheduler: Sending due task agent-15s (signal_engine.scheduler.run_agent_15s)
[2026-06-23 12:00:53,841: INFO/MainProcess] Scheduler: Sending due task agent-1m (signal_engine.scheduler.run_agent_1m)
[2026-06-23 12:00:54,877: INFO/MainProcess] Scheduler: Sending due task agent-15s (signal_engine.scheduler.run_agent_15s)
[2026-06-23 12:01:09,877: INFO/MainProcess] Scheduler: Sending due task agent-15s (signal_engine.scheduler.run_agent_15s)
[2026-06-23 12:01:24,878: INFO/MainProcess] Scheduler: Sending due task agent-15s (signal_engine.scheduler.run_agent_15s)
[2026-06-23 12:01:39,879: INFO/MainProcess] Scheduler: Sending due task agent-15s (signal_engine.scheduler.run_agent_15s)
[2026-06-23 12:01:53,489: INFO/MainProcess] Scheduler: Sending due task agent-15m (signal_engine.scheduler.run_agent_15m)
[2026-06-23 12:01:53,638: INFO/MainProcess] Scheduler: Sending due task agent-5m (signal_engine.scheduler.run_agent_5m)
[2026-06-23 12:01:53,642: INFO/MainProcess] Scheduler: Sending due task agent-3m (signal_engine.scheduler.run_agent_3m)
[2026-06-23 12:01:53,841: INFO/MainProcess] Scheduler: Sending due task agent-1m (signal_engine.scheduler.run_agent_1m)
[2026-06-23 12:01:54,879: INFO/MainProcess] Scheduler: Sending due task agent-15s (signal_engine.scheduler.run_agent_15s)
[2026-06-23 12:02:09,880: INFO/MainProcess] Scheduler: Sending due task agent-15s (signal_engine.scheduler.run_agent_15s)
[2026-06-23 12:02:24,880: INFO/MainProcess] Scheduler: Sending due task agent-15s (signal_engine.scheduler.run_agent_15s)
[2026-06-23 12:02:39,881: INFO/MainProcess] Scheduler: Sending due task agent-15s (signal_engine.scheduler.run_agent_15s)
[2026-06-23 12:02:53,842: INFO/MainProcess] Scheduler: Sending due task agent-1m (signal_engine.scheduler.run_agent_1m)
[2026-06-23 12:02:54,881: INFO/MainProcess] Scheduler: Sending due task agent-15s (signal_engine.scheduler.run_agent_15s)
[2026-06-23 12:03:09,881: INFO/MainProcess] Scheduler: Sending due task agent-15s (signal_engine.scheduler.run_agent_15s)
[2026-06-23 12:03:24,882: INFO/MainProcess] Scheduler: Sending due task agent-15s (signal_engine.scheduler.run_agent_15s)
[2026-06-23 12:03:39,882: INFO/MainProcess] Scheduler: Sending due task agent-15s (signal_engine.scheduler.run_agent_15s)
[2026-06-23 12:03:53,842: INFO/MainProcess] Scheduler: Sending due task agent-1m (signal_engine.scheduler.run_agent_1m)
[2026-06-23 12:03:54,882: INFO/MainProcess] Scheduler: Sending due task agent-15s (signal_engine.scheduler.run_agent_15s)
[2026-06-23 12:04:09,882: INFO/MainProcess] Scheduler: Sending due task agent-15s (signal_engine.scheduler.run_agent_15s)
[2026-06-23 12:04:24,882: INFO/MainProcess] Scheduler: Sending due task agent-15s (signal_engine.scheduler.run_agent_15s)
[2026-06-23 12:04:39,883: INFO/MainProcess] Scheduler: Sending due task agent-15s (signal_engine.scheduler.run_agent_15s)
[2026-06-23 12:04:53,765: INFO/MainProcess] Scheduler: Sending due task agent-3m (signal_engine.scheduler.run_agent_3m)
[2026-06-23 12:04:53,843: INFO/MainProcess] Scheduler: Sending due task agent-1m (signal_engine.scheduler.run_agent_1m)
[2026-06-23 12:04:54,884: INFO/MainProcess] Scheduler: Sending due task agent-15s (signal_engine.scheduler.run_agent_15s)
[2026-06-23 12:05:09,884: INFO/MainProcess] Scheduler: Sending due task agent-15s (signal_engine.scheduler.run_agent_15s)
[2026-06-23 12:05:24,884: INFO/MainProcess] Scheduler: Sending due task agent-15s (signal_engine.scheduler.run_agent_15s)
[2026-06-23 12:05:39,885: INFO/MainProcess] Scheduler: Sending due task agent-15s (signal_engine.scheduler.run_agent_15s)
[2026-06-23 12:05:53,843: INFO/MainProcess] Scheduler: Sending due task agent-1m (signal_engine.scheduler.run_agent_1m)
[2026-06-23 12:05:54,885: INFO/MainProcess] Scheduler: Sending due task agent-15s (signal_engine.scheduler.run_agent_15s)
[2026-06-23 12:06:09,886: INFO/MainProcess] Scheduler: Sending due task agent-15s (signal_engine.scheduler.run_agent_15s)
[2026-06-23 12:06:24,886: INFO/MainProcess] Scheduler: Sending due task agent-15s (signal_engine.scheduler.run_agent_15s)
[2026-06-23 12:06:39,886: INFO/MainProcess] Scheduler: Sending due task agent-15s (signal_engine.scheduler.run_agent_15s)
[2026-06-23 12:06:53,638: INFO/MainProcess] Scheduler: Sending due task agent-5m (signal_engine.scheduler.run_agent_5m)
[2026-06-23 12:06:53,844: INFO/MainProcess] Scheduler: Sending due task agent-1m (signal_engine.scheduler.run_agent_1m)
[2026-06-23 12:06:54,887: INFO/MainProcess] Scheduler: Sending due task agent-15s (signal_engine.scheduler.run_agent_15s)
[2026-06-23 12:07:09,888: INFO/MainProcess] Scheduler: Sending due task agent-15s (signal_engine.scheduler.run_agent_15s)
[2026-06-23 12:07:24,888: INFO/MainProcess] Scheduler: Sending due task agent-15s (signal_engine.scheduler.run_agent_15s)
[2026-06-23 12:07:39,889: INFO/MainProcess] Scheduler: Sending due task agent-15s (signal_engine.scheduler.run_agent_15s)
[2026-06-23 12:07:53,766: INFO/MainProcess] Scheduler: Sending due task agent-3m (signal_engine.scheduler.run_agent_3m)
[2026-06-23 12:07:53,919: INFO/MainProcess] Scheduler: Sending due task agent-1m (signal_engine.scheduler.run_agent_1m)
[2026-06-23 12:07:54,889: INFO/MainProcess] Scheduler: Sending due task agent-15s (signal_engine.scheduler.run_agent_15s)
[2026-06-23 12:08:09,890: INFO/MainProcess] Scheduler: Sending due task agent-15s (signal_engine.scheduler.run_agent_15s)
[2026-06-23 12:08:24,891: INFO/MainProcess] Scheduler: Sending due task agent-15s (signal_engine.scheduler.run_agent_15s)
[2026-06-23 12:08:39,891: INFO/MainProcess] Scheduler: Sending due task agent-15s (signal_engine.scheduler.run_agent_15s)
[2026-06-23 12:08:53,920: INFO/MainProcess] Scheduler: Sending due task agent-1m (signal_engine.scheduler.run_agent_1m)
[2026-06-23 12:08:54,892: INFO/MainProcess] Scheduler: Sending due task agent-15s (signal_engine.scheduler.run_agent_15s)
[2026-06-23 12:09:09,892: INFO/MainProcess] Scheduler: Sending due task agent-15s (signal_engine.scheduler.run_agent_15s)
[2026-06-23 12:09:24,893: INFO/MainProcess] Scheduler: Sending due task agent-15s (signal_engine.scheduler.run_agent_15s)
[2026-06-23 12:09:39,894: INFO/MainProcess] Scheduler: Sending due task agent-15s (signal_engine.scheduler.run_agent_15s)
[2026-06-23 12:09:53,921: INFO/MainProcess] Scheduler: Sending due task agent-1m (signal_engine.scheduler.run_agent_1m)
[2026-06-23 12:09:54,894: INFO/MainProcess] Scheduler: Sending due task agent-15s (signal_engine.scheduler.run_agent_15s)
[2026-06-23 12:10:09,895: INFO/MainProcess] Scheduler: Sending due task agent-15s (signal_engine.scheduler.run_agent_15s)
[2026-06-23 12:10:24,895: INFO/MainProcess] Scheduler: Sending due task agent-15s (signal_engine.scheduler.run_agent_15s)
[2026-06-23 12:10:39,896: INFO/MainProcess] Scheduler: Sending due task agent-15s (signal_engine.scheduler.run_agent_15s)
[2026-06-23 12:10:53,766: INFO/MainProcess] Scheduler: Sending due task agent-3m (signal_engine.scheduler.run_agent_3m)
[2026-06-23 12:10:53,921: INFO/MainProcess] Scheduler: Sending due task agent-1m (signal_engine.scheduler.run_agent_1m)
[2026-06-23 12:10:54,897: INFO/MainProcess] Scheduler: Sending due task agent-15s (signal_engine.scheduler.run_agent_15s)
[2026-06-23 12:11:09,898: INFO/MainProcess] Scheduler: Sending due task agent-15s (signal_engine.scheduler.run_agent_15s)
[2026-06-23 12:11:24,898: INFO/MainProcess] Scheduler: Sending due task agent-15s (signal_engine.scheduler.run_agent_15s)
[2026-06-23 12:11:39,898: INFO/MainProcess] Scheduler: Sending due task agent-15s (signal_engine.scheduler.run_agent_15s)
[2026-06-23 12:11:53,638: INFO/MainProcess] Scheduler: Sending due task agent-5m (signal_engine.scheduler.run_agent_5m)
[2026-06-23 12:11:53,922: INFO/MainProcess] Scheduler: Sending due task agent-1m (signal_engine.scheduler.run_agent_1m)
[2026-06-23 12:11:54,898: INFO/MainProcess] Scheduler: Sending due task agent-15s (signal_engine.scheduler.run_agent_15s)
[2026-06-23 12:12:09,899: INFO/MainProcess] Scheduler: Sending due task agent-15s (signal_engine.scheduler.run_agent_15s)
[2026-06-23 12:12:24,899: INFO/MainProcess] Scheduler: Sending due task agent-15s (signal_engine.scheduler.run_agent_15s)
[2026-06-23 12:12:39,900: INFO/MainProcess] Scheduler: Sending due task agent-15s (signal_engine.scheduler.run_agent_15s)
[2026-06-23 12:12:53,923: INFO/MainProcess] Scheduler: Sending due task agent-1m (signal_engine.scheduler.run_agent_1m)
[2026-06-23 12:12:54,900: INFO/MainProcess] Scheduler: Sending due task agent-15s (signal_engine.scheduler.run_agent_15s)
[2026-06-23 12:13:09,900: INFO/MainProcess] Scheduler: Sending due task agent-15s (signal_engine.scheduler.run_agent_15s)
[2026-06-23 12:13:24,901: INFO/MainProcess] Scheduler: Sending due task agent-15s (signal_engine.scheduler.run_agent_15s)
[2026-06-23 12:13:39,901: INFO/MainProcess] Scheduler: Sending due task agent-15s (signal_engine.scheduler.run_agent_15s)
[2026-06-23 12:13:53,767: INFO/MainProcess] Scheduler: Sending due task agent-3m (signal_engine.scheduler.run_agent_3m)
[2026-06-23 12:13:53,923: INFO/MainProcess] Scheduler: Sending due task agent-1m (signal_engine.scheduler.run_agent_1m)
[2026-06-23 12:13:55,059: INFO/MainProcess] Scheduler: Sending due task agent-15s (signal_engine.scheduler.run_agent_15s)
[2026-06-23 12:14:10,060: INFO/MainProcess] Scheduler: Sending due task agent-15s (signal_engine.scheduler.run_agent_15s)
[2026-06-23 12:14:25,060: INFO/MainProcess] Scheduler: Sending due task agent-15s (signal_engine.scheduler.run_agent_15s)
[2026-06-23 12:14:40,061: INFO/MainProcess] Scheduler: Sending due task agent-15s (signal_engine.scheduler.run_agent_15s)
[2026-06-23 12:14:53,924: INFO/MainProcess] Scheduler: Sending due task agent-1m (signal_engine.scheduler.run_agent_1m)
[2026-06-23 12:14:55,061: INFO/MainProcess] Scheduler: Sending due task agent-15s (signal_engine.scheduler.run_agent_15s)
[2026-06-23 12:15:10,061: INFO/MainProcess] Scheduler: Sending due task agent-15s (signal_engine.scheduler.run_agent_15s)
[2026-06-23 12:15:25,062: INFO/MainProcess] Scheduler: Sending due task agent-15s (signal_engine.scheduler.run_agent_15s)
[2026-06-23 12:15:40,062: INFO/MainProcess] Scheduler: Sending due task agent-15s (signal_engine.scheduler.run_agent_15s)
[2026-06-23 12:15:53,924: INFO/MainProcess] Scheduler: Sending due task agent-1m (signal_engine.scheduler.run_agent_1m)
[2026-06-23 12:15:55,063: INFO/MainProcess] Scheduler: Sending due task agent-15s (signal_engine.scheduler.run_agent_15s)
[2026-06-23 12:16:10,063: INFO/MainProcess] Scheduler: Sending due task agent-15s (signal_engine.scheduler.run_agent_15s)
[2026-06-23 12:16:25,064: INFO/MainProcess] Scheduler: Sending due task agent-15s (signal_engine.scheduler.run_agent_15s)
[2026-06-23 12:16:40,065: INFO/MainProcess] Scheduler: Sending due task agent-15s (signal_engine.scheduler.run_agent_15s)
[2026-06-23 12:16:53,490: INFO/MainProcess] Scheduler: Sending due task agent-15m (signal_engine.scheduler.run_agent_15m)
[2026-06-23 12:16:53,638: INFO/MainProcess] Scheduler: Sending due task agent-5m (signal_engine.scheduler.run_agent_5m)
[2026-06-23 12:16:53,768: INFO/MainProcess] Scheduler: Sending due task agent-3m (signal_engine.scheduler.run_agent_3m)
[2026-06-23 12:16:53,925: INFO/MainProcess] Scheduler: Sending due task agent-1m (signal_engine.scheduler.run_agent_1m)
[2026-06-23 12:16:55,065: INFO/MainProcess] Scheduler: Sending due task agent-15s (signal_engine.scheduler.run_agent_15s)
[2026-06-23 12:17:10,065: INFO/MainProcess] Scheduler: Sending due task agent-15s (signal_engine.scheduler.run_agent_15s)
[2026-06-23 12:17:25,066: INFO/MainProcess] Scheduler: Sending due task agent-15s (signal_engine.scheduler.run_agent_15s)
[2026-06-23 12:17:40,066: INFO/MainProcess] Scheduler: Sending due task agent-15s (signal_engine.scheduler.run_agent_15s)
[2026-06-23 12:17:53,925: INFO/MainProcess] Scheduler: Sending due task agent-1m (signal_engine.scheduler.run_agent_1m)
[2026-06-23 12:17:55,067: INFO/MainProcess] Scheduler: Sending due task agent-15s (signal_engine.scheduler.run_agent_15s)
[2026-06-23 12:18:10,067: INFO/MainProcess] Scheduler: Sending due task agent-15s (signal_engine.scheduler.run_agent_15s)
[2026-06-23 12:18:25,068: INFO/MainProcess] Scheduler: Sending due task agent-15s (signal_engine.scheduler.run_agent_15s)
[2026-06-23 12:18:40,069: INFO/MainProcess] Scheduler: Sending due task agent-15s (signal_engine.scheduler.run_agent_15s)
[2026-06-23 12:18:53,926: INFO/MainProcess] Scheduler: Sending due task agent-1m (signal_engine.scheduler.run_agent_1m)
[2026-06-23 12:18:55,069: INFO/MainProcess] Scheduler: Sending due task agent-15s (signal_engine.scheduler.run_agent_15s)
[2026-06-23 12:19:10,070: INFO/MainProcess] Scheduler: Sending due task agent-15s (signal_engine.scheduler.run_agent_15s)
[2026-06-23 12:19:25,071: INFO/MainProcess] Scheduler: Sending due task agent-15s (signal_engine.scheduler.run_agent_15s)
[2026-06-23 12:19:40,071: INFO/MainProcess] Scheduler: Sending due task agent-15s (signal_engine.scheduler.run_agent_15s)
[2026-06-23 12:19:53,768: INFO/MainProcess] Scheduler: Sending due task agent-3m (signal_engine.scheduler.run_agent_3m)
[2026-06-23 12:19:53,927: INFO/MainProcess] Scheduler: Sending due task agent-1m (signal_engine.scheduler.run_agent_1m)
[2026-06-23 12:19:55,072: INFO/MainProcess] Scheduler: Sending due task agent-15s (signal_engine.scheduler.run_agent_15s)
[2026-06-23 12:20:10,283: INFO/MainProcess] Scheduler: Sending due task agent-15s (signal_engine.scheduler.run_agent_15s)
[2026-06-23 12:20:25,283: INFO/MainProcess] Scheduler: Sending due task agent-15s (signal_engine.scheduler.run_agent_15s)
[2026-06-23 12:20:40,284: INFO/MainProcess] Scheduler: Sending due task agent-15s (signal_engine.scheduler.run_agent_15s)
[2026-06-23 12:20:53,927: INFO/MainProcess] Scheduler: Sending due task agent-1m (signal_engine.scheduler.run_agent_1m)
[2026-06-23 12:20:55,284: INFO/MainProcess] Scheduler: Sending due task agent-15s (signal_engine.scheduler.run_agent_15s)
[2026-06-23 12:21:10,285: INFO/MainProcess] Scheduler: Sending due task agent-15s (signal_engine.scheduler.run_agent_15s)
[2026-06-23 12:21:25,286: INFO/MainProcess] Scheduler: Sending due task agent-15s (signal_engine.scheduler.run_agent_15s)
[2026-06-23 12:21:40,286: INFO/MainProcess] Scheduler: Sending due task agent-15s (signal_engine.scheduler.run_agent_15s)
[2026-06-23 12:21:53,639: INFO/MainProcess] Scheduler: Sending due task agent-5m (signal_engine.scheduler.run_agent_5m)
[2026-06-23 12:21:53,928: INFO/MainProcess] Scheduler: Sending due task agent-1m (signal_engine.scheduler.run_agent_1m)
[2026-06-23 12:21:55,287: INFO/MainProcess] Scheduler: Sending due task agent-15s (signal_engine.scheduler.run_agent_15s)
[2026-06-23 12:22:10,288: INFO/MainProcess] Scheduler: Sending due task agent-15s (signal_engine.scheduler.run_agent_15s)
[2026-06-23 12:22:25,288: INFO/MainProcess] Scheduler: Sending due task agent-15s (signal_engine.scheduler.run_agent_15s)
[2026-06-23 12:22:40,289: INFO/MainProcess] Scheduler: Sending due task agent-15s (signal_engine.scheduler.run_agent_15s)
[2026-06-23 12:22:53,768: INFO/MainProcess] Scheduler: Sending due task agent-3m (signal_engine.scheduler.run_agent_3m)
[2026-06-23 12:22:53,929: INFO/MainProcess] Scheduler: Sending due task agent-1m (signal_engine.scheduler.run_agent_1m)
[2026-06-23 12:22:55,290: INFO/MainProcess] Scheduler: Sending due task agent-15s (signal_engine.scheduler.run_agent_15s)
[2026-06-23 12:23:10,290: INFO/MainProcess] Scheduler: Sending due task agent-15s (signal_engine.scheduler.run_agent_15s)
[2026-06-23 12:23:25,410: INFO/MainProcess] Scheduler: Sending due task agent-15s (signal_engine.scheduler.run_agent_15s)
[2026-06-23 12:23:40,409: INFO/MainProcess] Scheduler: Sending due task agent-15s (signal_engine.scheduler.run_agent_15s)
[2026-06-23 12:23:53,929: INFO/MainProcess] Scheduler: Sending due task agent-1m (signal_engine.scheduler.run_agent_1m)
[2026-06-23 12:23:55,409: INFO/MainProcess] Scheduler: Sending due task agent-15s (signal_engine.scheduler.run_agent_15s)
[2026-06-23 12:24:10,410: INFO/MainProcess] Scheduler: Sending due task agent-15s (signal_engine.scheduler.run_agent_15s)
[2026-06-23 12:24:25,411: INFO/MainProcess] Scheduler: Sending due task agent-15s (signal_engine.scheduler.run_agent_15s)
[2026-06-23 12:24:40,411: INFO/MainProcess] Scheduler: Sending due task agent-15s (signal_engine.scheduler.run_agent_15s)
[2026-06-23 12:24:53,930: INFO/MainProcess] Scheduler: Sending due task agent-1m (signal_engine.scheduler.run_agent_1m)
[2026-06-23 12:24:55,411: INFO/MainProcess] Scheduler: Sending due task agent-15s (signal_engine.scheduler.run_agent_15s)
[2026-06-23 12:25:10,412: INFO/MainProcess] Scheduler: Sending due task agent-15s (signal_engine.scheduler.run_agent_15s)
[2026-06-23 12:25:25,412: INFO/MainProcess] Scheduler: Sending due task agent-15s (signal_engine.scheduler.run_agent_15s)
[2026-06-23 12:25:40,412: INFO/MainProcess] Scheduler: Sending due task agent-15s (signal_engine.scheduler.run_agent_15s)
[2026-06-23 12:25:53,769: INFO/MainProcess] Scheduler: Sending due task agent-3m (signal_engine.scheduler.run_agent_3m)
[2026-06-23 12:25:53,930: INFO/MainProcess] Scheduler: Sending due task agent-1m (signal_engine.scheduler.run_agent_1m)
[2026-06-23 12:25:55,412: INFO/MainProcess] Scheduler: Sending due task agent-15s (signal_engine.scheduler.run_agent_15s)
[2026-06-23 12:26:10,412: INFO/MainProcess] Scheduler: Sending due task agent-15s (signal_engine.scheduler.run_agent_15s)
[2026-06-23 12:26:25,412: INFO/MainProcess] Scheduler: Sending due task agent-15s (signal_engine.scheduler.run_agent_15s)
[2026-06-23 12:26:40,413: INFO/MainProcess] Scheduler: Sending due task agent-15s (signal_engine.scheduler.run_agent_15s)
[2026-06-23 12:26:53,640: INFO/MainProcess] Scheduler: Sending due task agent-5m (signal_engine.scheduler.run_agent_5m)
[2026-06-23 12:26:53,931: INFO/MainProcess] Scheduler: Sending due task agent-1m (signal_engine.scheduler.run_agent_1m)
[2026-06-23 12:26:55,414: INFO/MainProcess] Scheduler: Sending due task agent-15s (signal_engine.scheduler.run_agent_15s)
[2026-06-23 12:27:10,414: INFO/MainProcess] Scheduler: Sending due task agent-15s (signal_engine.scheduler.run_agent_15s)
[2026-06-23 12:27:25,415: INFO/MainProcess] Scheduler: Sending due task agent-15s (signal_engine.scheduler.run_agent_15s)
[2026-06-23 12:27:40,416: INFO/MainProcess] Scheduler: Sending due task agent-15s (signal_engine.scheduler.run_agent_15s)
[2026-06-23 12:27:53,931: INFO/MainProcess] Scheduler: Sending due task agent-1m (signal_engine.scheduler.run_agent_1m)
[2026-06-23 12:27:55,416: INFO/MainProcess] Scheduler: Sending due task agent-15s (signal_engine.scheduler.run_agent_15s)
[2026-06-23 12:28:10,416: INFO/MainProcess] Scheduler: Sending due task agent-15s (signal_engine.scheduler.run_agent_15s)
[2026-06-23 12:28:25,417: INFO/MainProcess] Scheduler: Sending due task agent-15s (signal_engine.scheduler.run_agent_15s)
[2026-06-23 12:28:40,417: INFO/MainProcess] Scheduler: Sending due task agent-15s (signal_engine.scheduler.run_agent_15s)
[2026-06-23 12:28:53,770: INFO/MainProcess] Scheduler: Sending due task agent-3m (signal_engine.scheduler.run_agent_3m)
[2026-06-23 12:28:53,932: INFO/MainProcess] Scheduler: Sending due task agent-1m (signal_engine.scheduler.run_agent_1m)
[2026-06-23 12:28:55,417: INFO/MainProcess] Scheduler: Sending due task agent-15s (signal_engine.scheduler.run_agent_15s)
[2026-06-23 12:29:10,418: INFO/MainProcess] Scheduler: Sending due task agent-15s (signal_engine.scheduler.run_agent_15s)
[2026-06-23 12:29:25,418: INFO/MainProcess] Scheduler: Sending due task agent-15s (signal_engine.scheduler.run_agent_15s)
[2026-06-23 12:29:40,620: INFO/MainProcess] Scheduler: Sending due task agent-15s (signal_engine.scheduler.run_agent_15s)
[2026-06-23 12:29:53,932: INFO/MainProcess] Scheduler: Sending due task agent-1m (signal_engine.scheduler.run_agent_1m)
[2026-06-23 12:29:55,620: INFO/MainProcess] Scheduler: Sending due task agent-15s (signal_engine.scheduler.run_agent_15s)
[2026-06-23 12:30:10,621: INFO/MainProcess] Scheduler: Sending due task agent-15s (signal_engine.scheduler.run_agent_15s)
[2026-06-23 12:30:25,622: INFO/MainProcess] Scheduler: Sending due task agent-15s (signal_engine.scheduler.run_agent_15s)
[2026-06-23 12:30:40,623: INFO/MainProcess] Scheduler: Sending due task agent-15s (signal_engine.scheduler.run_agent_15s)
[2026-06-23 12:30:53,933: INFO/MainProcess] Scheduler: Sending due task agent-1m (signal_engine.scheduler.run_agent_1m)
[2026-06-23 12:30:55,623: INFO/MainProcess] Scheduler: Sending due task agent-15s (signal_engine.scheduler.run_agent_15s)
[2026-06-23 12:31:10,623: INFO/MainProcess] Scheduler: Sending due task agent-15s (signal_engine.scheduler.run_agent_15s)
[2026-06-23 12:31:25,624: INFO/MainProcess] Scheduler: Sending due task agent-15s (signal_engine.scheduler.run_agent_15s)
[2026-06-23 12:31:40,624: INFO/MainProcess] Scheduler: Sending due task agent-15s (signal_engine.scheduler.run_agent_15s)
[2026-06-23 12:31:53,490: INFO/MainProcess] Scheduler: Sending due task agent-15m (signal_engine.scheduler.run_agent_15m)
[2026-06-23 12:31:53,640: INFO/MainProcess] Scheduler: Sending due task agent-5m (signal_engine.scheduler.run_agent_5m)
[2026-06-23 12:31:53,770: INFO/MainProcess] Scheduler: Sending due task agent-3m (signal_engine.scheduler.run_agent_3m)
[2026-06-23 12:31:53,933: INFO/MainProcess] Scheduler: Sending due task agent-1m (signal_engine.scheduler.run_agent_1m)
[2026-06-23 12:31:55,624: INFO/MainProcess] Scheduler: Sending due task agent-15s (signal_engine.scheduler.run_agent_15s)
[2026-06-23 12:32:10,625: INFO/MainProcess] Scheduler: Sending due task agent-15s (signal_engine.scheduler.run_agent_15s)
[2026-06-23 12:32:25,625: INFO/MainProcess] Scheduler: Sending due task agent-15s (signal_engine.scheduler.run_agent_15s)
[2026-06-23 12:32:40,625: INFO/MainProcess] Scheduler: Sending due task agent-15s (signal_engine.scheduler.run_agent_15s)
[2026-06-23 12:32:53,933: INFO/MainProcess] Scheduler: Sending due task agent-1m (signal_engine.scheduler.run_agent_1m)
[2026-06-23 12:32:55,625: INFO/MainProcess] Scheduler: Sending due task agent-15s (signal_engine.scheduler.run_agent_15s)
[2026-06-23 12:33:10,626: INFO/MainProcess] Scheduler: Sending due task agent-15s (signal_engine.scheduler.run_agent_15s)
[2026-06-23 12:33:25,626: INFO/MainProcess] Scheduler: Sending due task agent-15s (signal_engine.scheduler.run_agent_15s)
[2026-06-23 12:33:40,627: INFO/MainProcess] Scheduler: Sending due task agent-15s (signal_engine.scheduler.run_agent_15s)
[2026-06-23 12:33:53,933: INFO/MainProcess] Scheduler: Sending due task agent-1m (signal_engine.scheduler.run_agent_1m)
[2026-06-23 12:33:55,627: INFO/MainProcess] Scheduler: Sending due task agent-15s (signal_engine.scheduler.run_agent_15s)
[2026-06-23 12:34:10,627: INFO/MainProcess] Scheduler: Sending due task agent-15s (signal_engine.scheduler.run_agent_15s)
[2026-06-23 12:34:25,628: INFO/MainProcess] Scheduler: Sending due task agent-15s (signal_engine.scheduler.run_agent_15s)
[2026-06-23 12:34:40,628: INFO/MainProcess] Scheduler: Sending due task agent-15s (signal_engine.scheduler.run_agent_15s)
[2026-06-23 12:34:53,771: INFO/MainProcess] Scheduler: Sending due task agent-3m (signal_engine.scheduler.run_agent_3m)
[2026-06-23 12:34:53,934: INFO/MainProcess] Scheduler: Sending due task agent-1m (signal_engine.scheduler.run_agent_1m)
[2026-06-23 12:34:55,629: INFO/MainProcess] Scheduler: Sending due task agent-15s (signal_engine.scheduler.run_agent_15s)
[2026-06-23 12:35:10,629: INFO/MainProcess] Scheduler: Sending due task agent-15s (signal_engine.scheduler.run_agent_15s)
[2026-06-23 12:35:25,630: INFO/MainProcess] Scheduler: Sending due task agent-15s (signal_engine.scheduler.run_agent_15s)
[2026-06-23 12:35:40,630: INFO/MainProcess] Scheduler: Sending due task agent-15s (signal_engine.scheduler.run_agent_15s)
[2026-06-23 12:35:54,062: INFO/MainProcess] Scheduler: Sending due task agent-1m (signal_engine.scheduler.run_agent_1m)
[2026-06-23 12:35:55,630: INFO/MainProcess] Scheduler: Sending due task agent-15s (signal_engine.scheduler.run_agent_15s)
[2026-06-23 12:36:10,631: INFO/MainProcess] Scheduler: Sending due task agent-15s (signal_engine.scheduler.run_agent_15s)
[2026-06-23 12:36:25,631: INFO/MainProcess] Scheduler: Sending due task agent-15s (signal_engine.scheduler.run_agent_15s)
[2026-06-23 12:36:40,632: INFO/MainProcess] Scheduler: Sending due task agent-15s (signal_engine.scheduler.run_agent_15s)
[2026-06-23 12:36:53,641: INFO/MainProcess] Scheduler: Sending due task agent-5m (signal_engine.scheduler.run_agent_5m)
[2026-06-23 12:36:54,062: INFO/MainProcess] Scheduler: Sending due task agent-1m (signal_engine.scheduler.run_agent_1m)
[2026-06-23 12:36:55,632: INFO/MainProcess] Scheduler: Sending due task agent-15s (signal_engine.scheduler.run_agent_15s)
[2026-06-23 12:37:10,632: INFO/MainProcess] Scheduler: Sending due task agent-15s (signal_engine.scheduler.run_agent_15s)
[2026-06-23 12:37:25,633: INFO/MainProcess] Scheduler: Sending due task agent-15s (signal_engine.scheduler.run_agent_15s)
[2026-06-23 12:37:40,634: INFO/MainProcess] Scheduler: Sending due task agent-15s (signal_engine.scheduler.run_agent_15s)
[2026-06-23 12:37:53,771: INFO/MainProcess] Scheduler: Sending due task agent-3m (signal_engine.scheduler.run_agent_3m)
[2026-06-23 12:37:54,062: INFO/MainProcess] Scheduler: Sending due task agent-1m (signal_engine.scheduler.run_agent_1m)
[2026-06-23 12:37:55,634: INFO/MainProcess] Scheduler: Sending due task agent-15s (signal_engine.scheduler.run_agent_15s)
[2026-06-23 12:38:10,635: INFO/MainProcess] Scheduler: Sending due task agent-15s (signal_engine.scheduler.run_agent_15s)
[2026-06-23 12:38:25,636: INFO/MainProcess] Scheduler: Sending due task agent-15s (signal_engine.scheduler.run_agent_15s)
[2026-06-23 12:38:40,636: INFO/MainProcess] Scheduler: Sending due task agent-15s (signal_engine.scheduler.run_agent_15s)
[2026-06-23 12:38:54,063: INFO/MainProcess] Scheduler: Sending due task agent-1m (signal_engine.scheduler.run_agent_1m)
[2026-06-23 12:38:55,637: INFO/MainProcess] Scheduler: Sending due task agent-15s (signal_engine.scheduler.run_agent_15s)
[2026-06-23 12:39:10,637: INFO/MainProcess] Scheduler: Sending due task agent-15s (signal_engine.scheduler.run_agent_15s)
[2026-06-23 12:39:25,638: INFO/MainProcess] Scheduler: Sending due task agent-15s (signal_engine.scheduler.run_agent_15s)
[2026-06-23 12:39:40,638: INFO/MainProcess] Scheduler: Sending due task agent-15s (signal_engine.scheduler.run_agent_15s)
[2026-06-23 12:39:54,064: INFO/MainProcess] Scheduler: Sending due task agent-1m (signal_engine.scheduler.run_agent_1m)
[2026-06-23 12:39:55,639: INFO/MainProcess] Scheduler: Sending due task agent-15s (signal_engine.scheduler.run_agent_15s)
[2026-06-23 12:40:10,639: INFO/MainProcess] Scheduler: Sending due task agent-15s (signal_engine.scheduler.run_agent_15s)
[2026-06-23 12:40:25,640: INFO/MainProcess] Scheduler: Sending due task agent-15s (signal_engine.scheduler.run_agent_15s)
[2026-06-23 12:40:40,641: INFO/MainProcess] Scheduler: Sending due task agent-15s (signal_engine.scheduler.run_agent_15s)
[2026-06-23 12:40:53,772: INFO/MainProcess] Scheduler: Sending due task agent-3m (signal_engine.scheduler.run_agent_3m)
[2026-06-23 12:40:54,064: INFO/MainProcess] Scheduler: Sending due task agent-1m (signal_engine.scheduler.run_agent_1m)
[2026-06-23 12:40:55,641: INFO/MainProcess] Scheduler: Sending due task agent-15s (signal_engine.scheduler.run_agent_15s)
[2026-06-23 12:41:10,642: INFO/MainProcess] Scheduler: Sending due task agent-15s (signal_engine.scheduler.run_agent_15s)
[2026-06-23 12:41:25,643: INFO/MainProcess] Scheduler: Sending due task agent-15s (signal_engine.scheduler.run_agent_15s)
[2026-06-23 12:41:40,644: INFO/MainProcess] Scheduler: Sending due task agent-15s (signal_engine.scheduler.run_agent_15s)
[2026-06-23 12:41:53,641: INFO/MainProcess] Scheduler: Sending due task agent-5m (signal_engine.scheduler.run_agent_5m)
[2026-06-23 12:41:54,064: INFO/MainProcess] Scheduler: Sending due task agent-1m (signal_engine.scheduler.run_agent_1m)
[2026-06-23 12:41:55,857: INFO/MainProcess] Scheduler: Sending due task agent-15s (signal_engine.scheduler.run_agent_15s)
[2026-06-23 12:42:10,857: INFO/MainProcess] Scheduler: Sending due task agent-15s (signal_engine.scheduler.run_agent_15s)
[2026-06-23 12:42:25,858: INFO/MainProcess] Scheduler: Sending due task agent-15s (signal_engine.scheduler.run_agent_15s)
[2026-06-23 12:42:40,858: INFO/MainProcess] Scheduler: Sending due task agent-15s (signal_engine.scheduler.run_agent_15s)
[2026-06-23 12:42:54,065: INFO/MainProcess] Scheduler: Sending due task agent-1m (signal_engine.scheduler.run_agent_1m)
[2026-06-23 12:42:55,859: INFO/MainProcess] Scheduler: Sending due task agent-15s (signal_engine.scheduler.run_agent_15s)
[2026-06-23 12:43:10,859: INFO/MainProcess] Scheduler: Sending due task agent-15s (signal_engine.scheduler.run_agent_15s)
[2026-06-23 12:43:25,860: INFO/MainProcess] Scheduler: Sending due task agent-15s (signal_engine.scheduler.run_agent_15s)
[2026-06-23 12:43:40,861: INFO/MainProcess] Scheduler: Sending due task agent-15s (signal_engine.scheduler.run_agent_15s)
[2026-06-23 12:43:53,773: INFO/MainProcess] Scheduler: Sending due task agent-3m (signal_engine.scheduler.run_agent_3m)
[2026-06-23 12:43:54,065: INFO/MainProcess] Scheduler: Sending due task agent-1m (signal_engine.scheduler.run_agent_1m)
[2026-06-23 12:43:55,861: INFO/MainProcess] Scheduler: Sending due task agent-15s (signal_engine.scheduler.run_agent_15s)
[2026-06-23 12:44:10,862: INFO/MainProcess] Scheduler: Sending due task agent-15s (signal_engine.scheduler.run_agent_15s)
[2026-06-23 12:44:25,862: INFO/MainProcess] Scheduler: Sending due task agent-15s (signal_engine.scheduler.run_agent_15s)
[2026-06-23 12:44:40,863: INFO/MainProcess] Scheduler: Sending due task agent-15s (signal_engine.scheduler.run_agent_15s)
[2026-06-23 12:44:54,065: INFO/MainProcess] Scheduler: Sending due task agent-1m (signal_engine.scheduler.run_agent_1m)
[2026-06-23 12:44:55,863: INFO/MainProcess] Scheduler: Sending due task agent-15s (signal_engine.scheduler.run_agent_15s)
[2026-06-23 12:45:10,864: INFO/MainProcess] Scheduler: Sending due task agent-15s (signal_engine.scheduler.run_agent_15s)
[2026-06-23 12:45:25,864: INFO/MainProcess] Scheduler: Sending due task agent-15s (signal_engine.scheduler.run_agent_15s)
[2026-06-23 12:45:40,864: INFO/MainProcess] Scheduler: Sending due task agent-15s (signal_engine.scheduler.run_agent_15s)
[2026-06-23 12:45:54,066: INFO/MainProcess] Scheduler: Sending due task agent-1m (signal_engine.scheduler.run_agent_1m)
[2026-06-23 12:45:55,865: INFO/MainProcess] Scheduler: Sending due task agent-15s (signal_engine.scheduler.run_agent_15s)
[2026-06-23 12:46:10,866: INFO/MainProcess] Scheduler: Sending due task agent-15s (signal_engine.scheduler.run_agent_15s)
[2026-06-23 12:46:25,866: INFO/MainProcess] Scheduler: Sending due task agent-15s (signal_engine.scheduler.run_agent_15s)
[2026-06-23 12:46:40,867: INFO/MainProcess] Scheduler: Sending due task agent-15s (signal_engine.scheduler.run_agent_15s)
[2026-06-23 12:46:53,491: INFO/MainProcess] Scheduler: Sending due task agent-15m (signal_engine.scheduler.run_agent_15m)
[2026-06-23 12:46:53,512: INFO/MainProcess] Scheduler: Sending due task agent-1h (signal_engine.scheduler.run_agent_1h)
[2026-06-23 12:46:53,641: INFO/MainProcess] Scheduler: Sending due task agent-5m (signal_engine.scheduler.run_agent_5m)
[2026-06-23 12:46:53,773: INFO/MainProcess] Scheduler: Sending due task agent-3m (signal_engine.scheduler.run_agent_3m)
[2026-06-23 12:46:54,067: INFO/MainProcess] Scheduler: Sending due task agent-1m (signal_engine.scheduler.run_agent_1m)
[2026-06-23 12:46:55,867: INFO/MainProcess] Scheduler: Sending due task agent-15s (signal_engine.scheduler.run_agent_15s)
[2026-06-23 12:47:10,867: INFO/MainProcess] Scheduler: Sending due task agent-15s (signal_engine.scheduler.run_agent_15s)
[2026-06-23 12:47:25,868: INFO/MainProcess] Scheduler: Sending due task agent-15s (signal_engine.scheduler.run_agent_15s)
[2026-06-23 12:47:40,868: INFO/MainProcess] Scheduler: Sending due task agent-15s (signal_engine.scheduler.run_agent_15s)
[2026-06-23 12:47:54,067: INFO/MainProcess] Scheduler: Sending due task agent-1m (signal_engine.scheduler.run_agent_1m)
[2026-06-23 12:47:55,868: INFO/MainProcess] Scheduler: Sending due task agent-15s (signal_engine.scheduler.run_agent_15s)
[2026-06-23 12:48:11,011: INFO/MainProcess] Scheduler: Sending due task agent-15s (signal_engine.scheduler.run_agent_15s)
[2026-06-23 12:48:26,012: INFO/MainProcess] Scheduler: Sending due task agent-15s (signal_engine.scheduler.run_agent_15s)
[2026-06-23 12:48:41,012: INFO/MainProcess] Scheduler: Sending due task agent-15s (signal_engine.scheduler.run_agent_15s)
[2026-06-23 12:48:54,068: INFO/MainProcess] Scheduler: Sending due task agent-1m (signal_engine.scheduler.run_agent_1m)
[2026-06-23 12:48:56,013: INFO/MainProcess] Scheduler: Sending due task agent-15s (signal_engine.scheduler.run_agent_15s)
[2026-06-23 12:49:11,013: INFO/MainProcess] Scheduler: Sending due task agent-15s (signal_engine.scheduler.run_agent_15s)
[2026-06-23 12:49:26,013: INFO/MainProcess] Scheduler: Sending due task agent-15s (signal_engine.scheduler.run_agent_15s)
[2026-06-23 12:49:41,014: INFO/MainProcess] Scheduler: Sending due task agent-15s (signal_engine.scheduler.run_agent_15s)
[2026-06-23 12:49:53,774: INFO/MainProcess] Scheduler: Sending due task agent-3m (signal_engine.scheduler.run_agent_3m)
[2026-06-23 12:49:54,068: INFO/MainProcess] Scheduler: Sending due task agent-1m (signal_engine.scheduler.run_agent_1m)
[2026-06-23 12:49:56,015: INFO/MainProcess] Scheduler: Sending due task agent-15s (signal_engine.scheduler.run_agent_15s)
[2026-06-23 12:50:11,015: INFO/MainProcess] Scheduler: Sending due task agent-15s (signal_engine.scheduler.run_agent_15s)
[2026-06-23 12:50:26,016: INFO/MainProcess] Scheduler: Sending due task agent-15s (signal_engine.scheduler.run_agent_15s)
[2026-06-23 12:50:41,017: INFO/MainProcess] Scheduler: Sending due task agent-15s (signal_engine.scheduler.run_agent_15s)
[2026-06-23 12:50:54,068: INFO/MainProcess] Scheduler: Sending due task agent-1m (signal_engine.scheduler.run_agent_1m)
[2026-06-23 12:50:56,017: INFO/MainProcess] Scheduler: Sending due task agent-15s (signal_engine.scheduler.run_agent_15s)
[2026-06-23 12:51:11,018: INFO/MainProcess] Scheduler: Sending due task agent-15s (signal_engine.scheduler.run_agent_15s)
[2026-06-23 12:51:26,018: INFO/MainProcess] Scheduler: Sending due task agent-15s (signal_engine.scheduler.run_agent_15s)
[2026-06-23 12:51:41,019: INFO/MainProcess] Scheduler: Sending due task agent-15s (signal_engine.scheduler.run_agent_15s)
[2026-06-23 12:51:53,642: INFO/MainProcess] Scheduler: Sending due task agent-5m (signal_engine.scheduler.run_agent_5m)
[2026-06-23 12:51:54,068: INFO/MainProcess] Scheduler: Sending due task agent-1m (signal_engine.scheduler.run_agent_1m)
[2026-06-23 12:51:56,019: INFO/MainProcess] Scheduler: Sending due task agent-15s (signal_engine.scheduler.run_agent_15s)
[2026-06-23 12:52:11,019: INFO/MainProcess] Scheduler: Sending due task agent-15s (signal_engine.scheduler.run_agent_15s)
[2026-06-23 12:52:26,020: INFO/MainProcess] Scheduler: Sending due task agent-15s (signal_engine.scheduler.run_agent_15s)
[2026-06-23 12:52:41,021: INFO/MainProcess] Scheduler: Sending due task agent-15s (signal_engine.scheduler.run_agent_15s)
[2026-06-23 12:52:53,774: INFO/MainProcess] Scheduler: Sending due task agent-3m (signal_engine.scheduler.run_agent_3m)
[2026-06-23 12:52:54,069: INFO/MainProcess] Scheduler: Sending due task agent-1m (signal_engine.scheduler.run_agent_1m)
[2026-06-23 12:52:56,022: INFO/MainProcess] Scheduler: Sending due task agent-15s (signal_engine.scheduler.run_agent_15s)
[2026-06-23 12:53:11,022: INFO/MainProcess] Scheduler: Sending due task agent-15s (signal_engine.scheduler.run_agent_15s)
[2026-06-23 12:53:26,022: INFO/MainProcess] Scheduler: Sending due task agent-15s (signal_engine.scheduler.run_agent_15s)
[2026-06-23 12:53:41,022: INFO/MainProcess] Scheduler: Sending due task agent-15s (signal_engine.scheduler.run_agent_15s)
[2026-06-23 12:53:54,069: INFO/MainProcess] Scheduler: Sending due task agent-1m (signal_engine.scheduler.run_agent_1m)
[2026-06-23 12:53:56,023: INFO/MainProcess] Scheduler: Sending due task agent-15s (signal_engine.scheduler.run_agent_15s)
[2026-06-23 12:54:11,023: INFO/MainProcess] Scheduler: Sending due task agent-15s (signal_engine.scheduler.run_agent_15s)
[2026-06-23 12:54:26,097: INFO/MainProcess] Scheduler: Sending due task agent-15s (signal_engine.scheduler.run_agent_15s)
[2026-06-23 12:54:41,097: INFO/MainProcess] Scheduler: Sending due task agent-15s (signal_engine.scheduler.run_agent_15s)
[2026-06-23 12:54:54,069: INFO/MainProcess] Scheduler: Sending due task agent-1m (signal_engine.scheduler.run_agent_1m)
[2026-06-23 12:54:56,098: INFO/MainProcess] Scheduler: Sending due task agent-15s (signal_engine.scheduler.run_agent_15s)
[2026-06-23 12:55:11,099: INFO/MainProcess] Scheduler: Sending due task agent-15s (signal_engine.scheduler.run_agent_15s)
[2026-06-23 12:55:26,099: INFO/MainProcess] Scheduler: Sending due task agent-15s (signal_engine.scheduler.run_agent_15s)
[2026-06-23 12:55:41,100: INFO/MainProcess] Scheduler: Sending due task agent-15s (signal_engine.scheduler.run_agent_15s)
[2026-06-23 12:55:53,774: INFO/MainProcess] Scheduler: Sending due task agent-3m (signal_engine.scheduler.run_agent_3m)
[2026-06-23 12:55:54,069: INFO/MainProcess] Scheduler: Sending due task agent-1m (signal_engine.scheduler.run_agent_1m)
[2026-06-23 12:55:56,100: INFO/MainProcess] Scheduler: Sending due task agent-15s (signal_engine.scheduler.run_agent_15s)
[2026-06-23 12:56:11,101: INFO/MainProcess] Scheduler: Sending due task agent-15s (signal_engine.scheduler.run_agent_15s)
[2026-06-23 12:56:26,101: INFO/MainProcess] Scheduler: Sending due task agent-15s (signal_engine.scheduler.run_agent_15s)
[2026-06-23 12:56:41,102: INFO/MainProcess] Scheduler: Sending due task agent-15s (signal_engine.scheduler.run_agent_15s)
[2026-06-23 12:56:53,642: INFO/MainProcess] Scheduler: Sending due task agent-5m (signal_engine.scheduler.run_agent_5m)
[2026-06-23 12:56:54,070: INFO/MainProcess] Scheduler: Sending due task agent-1m (signal_engine.scheduler.run_agent_1m)
[2026-06-23 12:56:56,103: INFO/MainProcess] Scheduler: Sending due task agent-15s (signal_engine.scheduler.run_agent_15s)
[2026-06-23 12:57:11,103: INFO/MainProcess] Scheduler: Sending due task agent-15s (signal_engine.scheduler.run_agent_15s)
[2026-06-23 12:57:26,104: INFO/MainProcess] Scheduler: Sending due task agent-15s (signal_engine.scheduler.run_agent_15s)
[2026-06-23 12:57:41,104: INFO/MainProcess] Scheduler: Sending due task agent-15s (signal_engine.scheduler.run_agent_15s)
[2026-06-23 12:57:54,070: INFO/MainProcess] Scheduler: Sending due task agent-1m (signal_engine.scheduler.run_agent_1m)
[2026-06-23 12:57:56,104: INFO/MainProcess] Scheduler: Sending due task agent-15s (signal_engine.scheduler.run_agent_15s)
[2026-06-23 12:58:11,105: INFO/MainProcess] Scheduler: Sending due task agent-15s (signal_engine.scheduler.run_agent_15s)
[2026-06-23 12:58:26,105: INFO/MainProcess] Scheduler: Sending due task agent-15s (signal_engine.scheduler.run_agent_15s)
[2026-06-23 12:58:41,106: INFO/MainProcess] Scheduler: Sending due task agent-15s (signal_engine.scheduler.run_agent_15s)
[2026-06-23 12:58:53,775: INFO/MainProcess] Scheduler: Sending due task agent-3m (signal_engine.scheduler.run_agent_3m)
[2026-06-23 12:58:54,071: INFO/MainProcess] Scheduler: Sending due task agent-1m (signal_engine.scheduler.run_agent_1m)
[2026-06-23 12:58:56,106: INFO/MainProcess] Scheduler: Sending due task agent-15s (signal_engine.scheduler.run_agent_15s)
[2026-06-23 12:59:11,106: INFO/MainProcess] Scheduler: Sending due task agent-15s (signal_engine.scheduler.run_agent_15s)
[2026-06-23 12:59:26,107: INFO/MainProcess] Scheduler: Sending due task agent-15s (signal_engine.scheduler.run_agent_15s)
[2026-06-23 12:59:41,107: INFO/MainProcess] Scheduler: Sending due task agent-15s (signal_engine.scheduler.run_agent_15s)
[2026-06-23 12:59:54,072: INFO/MainProcess] Scheduler: Sending due task agent-1m (signal_engine.scheduler.run_agent_1m)
[2026-06-23 12:59:56,108: INFO/MainProcess] Scheduler: Sending due task agent-15s (signal_engine.scheduler.run_agent_15s)
[2026-06-23 13:00:11,108: INFO/MainProcess] Scheduler: Sending due task agent-15s (signal_engine.scheduler.run_agent_15s)
[2026-06-23 13:00:26,109: INFO/MainProcess] Scheduler: Sending due task agent-15s (signal_engine.scheduler.run_agent_15s)
[2026-06-23 13:00:41,245: INFO/MainProcess] Scheduler: Sending due task agent-15s (signal_engine.scheduler.run_agent_15s)
[2026-06-23 13:00:54,072: INFO/MainProcess] Scheduler: Sending due task agent-1m (signal_engine.scheduler.run_agent_1m)
[2026-06-23 13:00:56,246: INFO/MainProcess] Scheduler: Sending due task agent-15s (signal_engine.scheduler.run_agent_15s)
[2026-06-23 13:01:11,247: INFO/MainProcess] Scheduler: Sending due task agent-15s (signal_engine.scheduler.run_agent_15s)
[2026-06-23 13:01:26,247: INFO/MainProcess] Scheduler: Sending due task agent-15s (signal_engine.scheduler.run_agent_15s)
[2026-06-23 13:01:41,248: INFO/MainProcess] Scheduler: Sending due task agent-15s (signal_engine.scheduler.run_agent_15s)
[2026-06-23 13:01:53,491: INFO/MainProcess] Scheduler: Sending due task agent-15m (signal_engine.scheduler.run_agent_15m)
[2026-06-23 13:01:53,642: INFO/MainProcess] Scheduler: Sending due task agent-5m (signal_engine.scheduler.run_agent_5m)
[2026-06-23 13:01:53,775: INFO/MainProcess] Scheduler: Sending due task agent-3m (signal_engine.scheduler.run_agent_3m)
[2026-06-23 13:01:54,073: INFO/MainProcess] Scheduler: Sending due task agent-1m (signal_engine.scheduler.run_agent_1m)
[2026-06-23 13:01:56,249: INFO/MainProcess] Scheduler: Sending due task agent-15s (signal_engine.scheduler.run_agent_15s)
[2026-06-23 13:02:11,250: INFO/MainProcess] Scheduler: Sending due task agent-15s (signal_engine.scheduler.run_agent_15s)
[2026-06-23 13:02:26,250: INFO/MainProcess] Scheduler: Sending due task agent-15s (signal_engine.scheduler.run_agent_15s)
[2026-06-23 13:02:41,251: INFO/MainProcess] Scheduler: Sending due task agent-15s (signal_engine.scheduler.run_agent_15s)
[2026-06-23 13:02:54,073: INFO/MainProcess] Scheduler: Sending due task agent-1m (signal_engine.scheduler.run_agent_1m)
[2026-06-23 13:02:56,251: INFO/MainProcess] Scheduler: Sending due task agent-15s (signal_engine.scheduler.run_agent_15s)
[2026-06-23 13:03:11,252: INFO/MainProcess] Scheduler: Sending due task agent-15s (signal_engine.scheduler.run_agent_15s)
[2026-06-23 13:03:26,253: INFO/MainProcess] Scheduler: Sending due task agent-15s (signal_engine.scheduler.run_agent_15s)
[2026-06-23 13:03:41,253: INFO/MainProcess] Scheduler: Sending due task agent-15s (signal_engine.scheduler.run_agent_15s)
[2026-06-23 13:03:54,073: INFO/MainProcess] Scheduler: Sending due task agent-1m (signal_engine.scheduler.run_agent_1m)
[2026-06-23 13:03:56,254: INFO/MainProcess] Scheduler: Sending due task agent-15s (signal_engine.scheduler.run_agent_15s)
[2026-06-23 13:04:11,254: INFO/MainProcess] Scheduler: Sending due task agent-15s (signal_engine.scheduler.run_agent_15s)
[2026-06-23 13:04:26,254: INFO/MainProcess] Scheduler: Sending due task agent-15s (signal_engine.scheduler.run_agent_15s)
[2026-06-23 13:04:41,254: INFO/MainProcess] Scheduler: Sending due task agent-15s (signal_engine.scheduler.run_agent_15s)
[2026-06-23 13:04:53,775: INFO/MainProcess] Scheduler: Sending due task agent-3m (signal_engine.scheduler.run_agent_3m)
[2026-06-23 13:04:54,074: INFO/MainProcess] Scheduler: Sending due task agent-1m (signal_engine.scheduler.run_agent_1m)
[2026-06-23 13:04:56,254: INFO/MainProcess] Scheduler: Sending due task agent-15s (signal_engine.scheduler.run_agent_15s)
[2026-06-23 13:05:11,254: INFO/MainProcess] Scheduler: Sending due task agent-15s (signal_engine.scheduler.run_agent_15s)
[2026-06-23 13:05:26,255: INFO/MainProcess] Scheduler: Sending due task agent-15s (signal_engine.scheduler.run_agent_15s)
[2026-06-23 13:05:41,256: INFO/MainProcess] Scheduler: Sending due task agent-15s (signal_engine.scheduler.run_agent_15s)
[2026-06-23 13:05:54,075: INFO/MainProcess] Scheduler: Sending due task agent-1m (signal_engine.scheduler.run_agent_1m)
[2026-06-23 13:05:56,256: INFO/MainProcess] Scheduler: Sending due task agent-15s (signal_engine.scheduler.run_agent_15s)
[2026-06-23 13:06:11,257: INFO/MainProcess] Scheduler: Sending due task agent-15s (signal_engine.scheduler.run_agent_15s)
[2026-06-23 13:06:26,257: INFO/MainProcess] Scheduler: Sending due task agent-15s (signal_engine.scheduler.run_agent_15s)
[2026-06-23 13:06:41,257: INFO/MainProcess] Scheduler: Sending due task agent-15s (signal_engine.scheduler.run_agent_15s)
[2026-06-23 13:06:53,847: INFO/MainProcess] Scheduler: Sending due task agent-5m (signal_engine.scheduler.run_agent_5m)
[2026-06-23 13:06:54,075: INFO/MainProcess] Scheduler: Sending due task agent-1m (signal_engine.scheduler.run_agent_1m)
[2026-06-23 13:06:56,258: INFO/MainProcess] Scheduler: Sending due task agent-15s (signal_engine.scheduler.run_agent_15s)
[2026-06-23 13:07:11,258: INFO/MainProcess] Scheduler: Sending due task agent-15s (signal_engine.scheduler.run_agent_15s)
[2026-06-23 13:07:26,259: INFO/MainProcess] Scheduler: Sending due task agent-15s (signal_engine.scheduler.run_agent_15s)
[2026-06-23 13:07:41,259: INFO/MainProcess] Scheduler: Sending due task agent-15s (signal_engine.scheduler.run_agent_15s)
[2026-06-23 13:07:53,776: INFO/MainProcess] Scheduler: Sending due task agent-3m (signal_engine.scheduler.run_agent_3m)
[2026-06-23 13:07:54,076: INFO/MainProcess] Scheduler: Sending due task agent-1m (signal_engine.scheduler.run_agent_1m)
[2026-06-23 13:07:56,260: INFO/MainProcess] Scheduler: Sending due task agent-15s (signal_engine.scheduler.run_agent_15s)
[2026-06-23 13:08:11,260: INFO/MainProcess] Scheduler: Sending due task agent-15s (signal_engine.scheduler.run_agent_15s)
[2026-06-23 13:08:26,261: INFO/MainProcess] Scheduler: Sending due task agent-15s (signal_engine.scheduler.run_agent_15s)
[2026-06-23 13:08:41,261: INFO/MainProcess] Scheduler: Sending due task agent-15s (signal_engine.scheduler.run_agent_15s)
[2026-06-23 13:08:54,076: INFO/MainProcess] Scheduler: Sending due task agent-1m (signal_engine.scheduler.run_agent_1m)
[2026-06-23 13:08:56,261: INFO/MainProcess] Scheduler: Sending due task agent-15s (signal_engine.scheduler.run_agent_15s)
[2026-06-23 13:09:11,261: INFO/MainProcess] Scheduler: Sending due task agent-15s (signal_engine.scheduler.run_agent_15s)
[2026-06-23 13:09:26,262: INFO/MainProcess] Scheduler: Sending due task agent-15s (signal_engine.scheduler.run_agent_15s)
[2026-06-23 13:09:41,263: INFO/MainProcess] Scheduler: Sending due task agent-15s (signal_engine.scheduler.run_agent_15s)
[2026-06-23 13:09:54,197: INFO/MainProcess] Scheduler: Sending due task agent-1m (signal_engine.scheduler.run_agent_1m)
[2026-06-23 13:09:56,264: INFO/MainProcess] Scheduler: Sending due task agent-15s (signal_engine.scheduler.run_agent_15s)
[2026-06-23 13:10:11,264: INFO/MainProcess] Scheduler: Sending due task agent-15s (signal_engine.scheduler.run_agent_15s)
[2026-06-23 13:10:26,264: INFO/MainProcess] Scheduler: Sending due task agent-15s (signal_engine.scheduler.run_agent_15s)
[2026-06-23 13:10:41,265: INFO/MainProcess] Scheduler: Sending due task agent-15s (signal_engine.scheduler.run_agent_15s)
[2026-06-23 13:10:53,777: INFO/MainProcess] Scheduler: Sending due task agent-3m (signal_engine.scheduler.run_agent_3m)
[2026-06-23 13:10:54,197: INFO/MainProcess] Scheduler: Sending due task agent-1m (signal_engine.scheduler.run_agent_1m)
[2026-06-23 13:10:56,265: INFO/MainProcess] Scheduler: Sending due task agent-15s (signal_engine.scheduler.run_agent_15s)
[2026-06-23 13:11:11,266: INFO/MainProcess] Scheduler: Sending due task agent-15s (signal_engine.scheduler.run_agent_15s)
[2026-06-23 13:11:26,266: INFO/MainProcess] Scheduler: Sending due task agent-15s (signal_engine.scheduler.run_agent_15s)
[2026-06-23 13:11:41,266: INFO/MainProcess] Scheduler: Sending due task agent-15s (signal_engine.scheduler.run_agent_15s)
[2026-06-23 13:11:53,847: INFO/MainProcess] Scheduler: Sending due task agent-5m (signal_engine.scheduler.run_agent_5m)
[2026-06-23 13:11:54,197: INFO/MainProcess] Scheduler: Sending due task agent-1m (signal_engine.scheduler.run_agent_1m)
[2026-06-23 13:11:56,267: INFO/MainProcess] Scheduler: Sending due task agent-15s (signal_engine.scheduler.run_agent_15s)
[2026-06-23 13:12:11,267: INFO/MainProcess] Scheduler: Sending due task agent-15s (signal_engine.scheduler.run_agent_15s)
[2026-06-23 13:12:26,267: INFO/MainProcess] Scheduler: Sending due task agent-15s (signal_engine.scheduler.run_agent_15s)
[2026-06-23 13:12:41,268: INFO/MainProcess] Scheduler: Sending due task agent-15s (signal_engine.scheduler.run_agent_15s)
[2026-06-23 13:12:54,198: INFO/MainProcess] Scheduler: Sending due task agent-1m (signal_engine.scheduler.run_agent_1m)
[2026-06-23 13:12:56,491: INFO/MainProcess] Scheduler: Sending due task agent-15s (signal_engine.scheduler.run_agent_15s)
[2026-06-23 13:13:11,492: INFO/MainProcess] Scheduler: Sending due task agent-15s (signal_engine.scheduler.run_agent_15s)
[2026-06-23 13:13:26,492: INFO/MainProcess] Scheduler: Sending due task agent-15s (signal_engine.scheduler.run_agent_15s)
[2026-06-23 13:13:41,492: INFO/MainProcess] Scheduler: Sending due task agent-15s (signal_engine.scheduler.run_agent_15s)
[2026-06-23 13:13:53,777: INFO/MainProcess] Scheduler: Sending due task agent-3m (signal_engine.scheduler.run_agent_3m)
[2026-06-23 13:13:54,199: INFO/MainProcess] Scheduler: Sending due task agent-1m (signal_engine.scheduler.run_agent_1m)
[2026-06-23 13:13:56,493: INFO/MainProcess] Scheduler: Sending due task agent-15s (signal_engine.scheduler.run_agent_15s)
[2026-06-23 13:14:11,494: INFO/MainProcess] Scheduler: Sending due task agent-15s (signal_engine.scheduler.run_agent_15s)
[2026-06-23 13:14:26,495: INFO/MainProcess] Scheduler: Sending due task agent-15s (signal_engine.scheduler.run_agent_15s)
[2026-06-23 13:14:41,495: INFO/MainProcess] Scheduler: Sending due task agent-15s (signal_engine.scheduler.run_agent_15s)
[2026-06-23 13:14:54,199: INFO/MainProcess] Scheduler: Sending due task agent-1m (signal_engine.scheduler.run_agent_1m)
[2026-06-23 13:14:56,495: INFO/MainProcess] Scheduler: Sending due task agent-15s (signal_engine.scheduler.run_agent_15s)
[2026-06-23 13:15:11,495: INFO/MainProcess] Scheduler: Sending due task agent-15s (signal_engine.scheduler.run_agent_15s)
[2026-06-23 13:15:26,496: INFO/MainProcess] Scheduler: Sending due task agent-15s (signal_engine.scheduler.run_agent_15s)
[2026-06-23 13:15:41,497: INFO/MainProcess] Scheduler: Sending due task agent-15s (signal_engine.scheduler.run_agent_15s)
[2026-06-23 13:15:54,199: INFO/MainProcess] Scheduler: Sending due task agent-1m (signal_engine.scheduler.run_agent_1m)
[2026-06-23 13:15:56,497: INFO/MainProcess] Scheduler: Sending due task agent-15s (signal_engine.scheduler.run_agent_15s)
[2026-06-23 13:16:11,498: INFO/MainProcess] Scheduler: Sending due task agent-15s (signal_engine.scheduler.run_agent_15s)
[2026-06-23 13:16:26,498: INFO/MainProcess] Scheduler: Sending due task agent-15s (signal_engine.scheduler.run_agent_15s)
[2026-06-23 13:16:41,499: INFO/MainProcess] Scheduler: Sending due task agent-15s (signal_engine.scheduler.run_agent_15s)
[2026-06-23 13:16:53,492: INFO/MainProcess] Scheduler: Sending due task agent-15m (signal_engine.scheduler.run_agent_15m)
[2026-06-23 13:16:53,777: INFO/MainProcess] Scheduler: Sending due task agent-3m (signal_engine.scheduler.run_agent_3m)
[2026-06-23 13:16:53,871: INFO/MainProcess] Scheduler: Sending due task agent-5m (signal_engine.scheduler.run_agent_5m)
[2026-06-23 13:16:54,200: INFO/MainProcess] Scheduler: Sending due task agent-1m (signal_engine.scheduler.run_agent_1m)
[2026-06-23 13:16:56,500: INFO/MainProcess] Scheduler: Sending due task agent-15s (signal_engine.scheduler.run_agent_15s)
[2026-06-23 13:17:11,501: INFO/MainProcess] Scheduler: Sending due task agent-15s (signal_engine.scheduler.run_agent_15s)
[2026-06-23 13:17:26,502: INFO/MainProcess] Scheduler: Sending due task agent-15s (signal_engine.scheduler.run_agent_15s)
[2026-06-23 13:17:41,502: INFO/MainProcess] Scheduler: Sending due task agent-15s (signal_engine.scheduler.run_agent_15s)
[2026-06-23 13:17:54,200: INFO/MainProcess] Scheduler: Sending due task agent-1m (signal_engine.scheduler.run_agent_1m)
[2026-06-23 13:17:56,502: INFO/MainProcess] Scheduler: Sending due task agent-15s (signal_engine.scheduler.run_agent_15s)
[2026-06-23 13:18:11,503: INFO/MainProcess] Scheduler: Sending due task agent-15s (signal_engine.scheduler.run_agent_15s)
[2026-06-23 13:18:26,504: INFO/MainProcess] Scheduler: Sending due task agent-15s (signal_engine.scheduler.run_agent_15s)
[2026-06-23 13:18:41,504: INFO/MainProcess] Scheduler: Sending due task agent-15s (signal_engine.scheduler.run_agent_15s)
[2026-06-23 13:18:54,201: INFO/MainProcess] Scheduler: Sending due task agent-1m (signal_engine.scheduler.run_agent_1m)
[2026-06-23 13:18:56,505: INFO/MainProcess] Scheduler: Sending due task agent-15s (signal_engine.scheduler.run_agent_15s)
[2026-06-23 13:19:11,637: INFO/MainProcess] Scheduler: Sending due task agent-15s (signal_engine.scheduler.run_agent_15s)
[2026-06-23 13:19:26,637: INFO/MainProcess] Scheduler: Sending due task agent-15s (signal_engine.scheduler.run_agent_15s)
[2026-06-23 13:19:41,638: INFO/MainProcess] Scheduler: Sending due task agent-15s (signal_engine.scheduler.run_agent_15s)
[2026-06-23 13:19:53,778: INFO/MainProcess] Scheduler: Sending due task agent-3m (signal_engine.scheduler.run_agent_3m)
[2026-06-23 13:19:54,201: INFO/MainProcess] Scheduler: Sending due task agent-1m (signal_engine.scheduler.run_agent_1m)
[2026-06-23 13:19:56,638: INFO/MainProcess] Scheduler: Sending due task agent-15s (signal_engine.scheduler.run_agent_15s)
[2026-06-23 13:20:11,638: INFO/MainProcess] Scheduler: Sending due task agent-15s (signal_engine.scheduler.run_agent_15s)
[2026-06-23 13:20:26,639: INFO/MainProcess] Scheduler: Sending due task agent-15s (signal_engine.scheduler.run_agent_15s)
[2026-06-23 13:20:41,639: INFO/MainProcess] Scheduler: Sending due task agent-15s (signal_engine.scheduler.run_agent_15s)
[2026-06-23 13:20:54,202: INFO/MainProcess] Scheduler: Sending due task agent-1m (signal_engine.scheduler.run_agent_1m)
[2026-06-23 13:20:56,640: INFO/MainProcess] Scheduler: Sending due task agent-15s (signal_engine.scheduler.run_agent_15s)
[2026-06-23 13:21:11,641: INFO/MainProcess] Scheduler: Sending due task agent-15s (signal_engine.scheduler.run_agent_15s)
[2026-06-23 13:21:26,641: INFO/MainProcess] Scheduler: Sending due task agent-15s (signal_engine.scheduler.run_agent_15s)
[2026-06-23 13:21:41,641: INFO/MainProcess] Scheduler: Sending due task agent-15s (signal_engine.scheduler.run_agent_15s)
[2026-06-23 13:21:53,872: INFO/MainProcess] Scheduler: Sending due task agent-5m (signal_engine.scheduler.run_agent_5m)
[2026-06-23 13:21:54,203: INFO/MainProcess] Scheduler: Sending due task agent-1m (signal_engine.scheduler.run_agent_1m)
[2026-06-23 13:21:56,642: INFO/MainProcess] Scheduler: Sending due task agent-15s (signal_engine.scheduler.run_agent_15s)
[2026-06-23 13:22:11,643: INFO/MainProcess] Scheduler: Sending due task agent-15s (signal_engine.scheduler.run_agent_15s)
[2026-06-23 13:22:26,643: INFO/MainProcess] Scheduler: Sending due task agent-15s (signal_engine.scheduler.run_agent_15s)
[2026-06-23 13:22:41,644: INFO/MainProcess] Scheduler: Sending due task agent-15s (signal_engine.scheduler.run_agent_15s)
[2026-06-23 13:22:53,778: INFO/MainProcess] Scheduler: Sending due task agent-3m (signal_engine.scheduler.run_agent_3m)
[2026-06-23 13:22:54,203: INFO/MainProcess] Scheduler: Sending due task agent-1m (signal_engine.scheduler.run_agent_1m)
[2026-06-23 13:22:56,645: INFO/MainProcess] Scheduler: Sending due task agent-15s (signal_engine.scheduler.run_agent_15s)
[2026-06-23 13:23:11,645: INFO/MainProcess] Scheduler: Sending due task agent-15s (signal_engine.scheduler.run_agent_15s)
[2026-06-23 13:23:26,645: INFO/MainProcess] Scheduler: Sending due task agent-15s (signal_engine.scheduler.run_agent_15s)
[2026-06-23 13:23:41,645: INFO/MainProcess] Scheduler: Sending due task agent-15s (signal_engine.scheduler.run_agent_15s)
[2026-06-23 13:23:54,204: INFO/MainProcess] Scheduler: Sending due task agent-1m (signal_engine.scheduler.run_agent_1m)
[2026-06-23 13:23:56,645: INFO/MainProcess] Scheduler: Sending due task agent-15s (signal_engine.scheduler.run_agent_15s)
[2026-06-23 13:24:11,646: INFO/MainProcess] Scheduler: Sending due task agent-15s (signal_engine.scheduler.run_agent_15s)
[2026-06-23 13:24:26,646: INFO/MainProcess] Scheduler: Sending due task agent-15s (signal_engine.scheduler.run_agent_15s)
[2026-06-23 13:24:41,647: INFO/MainProcess] Scheduler: Sending due task agent-15s (signal_engine.scheduler.run_agent_15s)
[2026-06-23 13:24:54,205: INFO/MainProcess] Scheduler: Sending due task agent-1m (signal_engine.scheduler.run_agent_1m)
[2026-06-23 13:24:56,647: INFO/MainProcess] Scheduler: Sending due task agent-15s (signal_engine.scheduler.run_agent_15s)
[2026-06-23 13:25:11,648: INFO/MainProcess] Scheduler: Sending due task agent-15s (signal_engine.scheduler.run_agent_15s)
[2026-06-23 13:25:26,820: INFO/MainProcess] Scheduler: Sending due task agent-15s (signal_engine.scheduler.run_agent_15s)
[2026-06-23 13:25:41,820: INFO/MainProcess] Scheduler: Sending due task agent-15s (signal_engine.scheduler.run_agent_15s)
[2026-06-23 13:25:53,778: INFO/MainProcess] Scheduler: Sending due task agent-3m (signal_engine.scheduler.run_agent_3m)
[2026-06-23 13:25:54,205: INFO/MainProcess] Scheduler: Sending due task agent-1m (signal_engine.scheduler.run_agent_1m)
[2026-06-23 13:25:56,821: INFO/MainProcess] Scheduler: Sending due task agent-15s (signal_engine.scheduler.run_agent_15s)
[2026-06-23 13:26:11,821: INFO/MainProcess] Scheduler: Sending due task agent-15s (signal_engine.scheduler.run_agent_15s)
[2026-06-23 13:26:26,822: INFO/MainProcess] Scheduler: Sending due task agent-15s (signal_engine.scheduler.run_agent_15s)
[2026-06-23 13:26:41,822: INFO/MainProcess] Scheduler: Sending due task agent-15s (signal_engine.scheduler.run_agent_15s)
[2026-06-23 13:26:53,873: INFO/MainProcess] Scheduler: Sending due task agent-5m (signal_engine.scheduler.run_agent_5m)
[2026-06-23 13:26:54,205: INFO/MainProcess] Scheduler: Sending due task agent-1m (signal_engine.scheduler.run_agent_1m)
[2026-06-23 13:26:56,823: INFO/MainProcess] Scheduler: Sending due task agent-15s (signal_engine.scheduler.run_agent_15s)
[2026-06-23 13:27:11,824: INFO/MainProcess] Scheduler: Sending due task agent-15s (signal_engine.scheduler.run_agent_15s)
[2026-06-23 13:27:26,824: INFO/MainProcess] Scheduler: Sending due task agent-15s (signal_engine.scheduler.run_agent_15s)
[2026-06-23 13:27:41,824: INFO/MainProcess] Scheduler: Sending due task agent-15s (signal_engine.scheduler.run_agent_15s)
[2026-06-23 13:27:54,205: INFO/MainProcess] Scheduler: Sending due task agent-1m (signal_engine.scheduler.run_agent_1m)
[2026-06-23 13:27:56,825: INFO/MainProcess] Scheduler: Sending due task agent-15s (signal_engine.scheduler.run_agent_15s)
[2026-06-23 13:28:11,825: INFO/MainProcess] Scheduler: Sending due task agent-15s (signal_engine.scheduler.run_agent_15s)
[2026-06-23 13:28:26,825: INFO/MainProcess] Scheduler: Sending due task agent-15s (signal_engine.scheduler.run_agent_15s)
[2026-06-23 13:28:41,960: INFO/MainProcess] Scheduler: Sending due task agent-15s (signal_engine.scheduler.run_agent_15s)
[2026-06-23 13:28:53,778: INFO/MainProcess] Scheduler: Sending due task agent-3m (signal_engine.scheduler.run_agent_3m)
[2026-06-23 13:28:54,206: INFO/MainProcess] Scheduler: Sending due task agent-1m (signal_engine.scheduler.run_agent_1m)
[2026-06-23 13:28:56,960: INFO/MainProcess] Scheduler: Sending due task agent-15s (signal_engine.scheduler.run_agent_15s)
[2026-06-23 13:29:11,961: INFO/MainProcess] Scheduler: Sending due task agent-15s (signal_engine.scheduler.run_agent_15s)
[2026-06-23 13:29:26,961: INFO/MainProcess] Scheduler: Sending due task agent-15s (signal_engine.scheduler.run_agent_15s)
[2026-06-23 13:29:41,962: INFO/MainProcess] Scheduler: Sending due task agent-15s (signal_engine.scheduler.run_agent_15s)
[2026-06-23 13:29:54,206: INFO/MainProcess] Scheduler: Sending due task agent-1m (signal_engine.scheduler.run_agent_1m)
[2026-06-23 13:29:56,963: INFO/MainProcess] Scheduler: Sending due task agent-15s (signal_engine.scheduler.run_agent_15s)
[2026-06-23 13:30:11,963: INFO/MainProcess] Scheduler: Sending due task agent-15s (signal_engine.scheduler.run_agent_15s)
[2026-06-23 13:30:26,964: INFO/MainProcess] Scheduler: Sending due task agent-15s (signal_engine.scheduler.run_agent_15s)
[2026-06-23 13:30:41,965: INFO/MainProcess] Scheduler: Sending due task agent-15s (signal_engine.scheduler.run_agent_15s)
[2026-06-23 13:30:54,206: INFO/MainProcess] Scheduler: Sending due task agent-1m (signal_engine.scheduler.run_agent_1m)
[2026-06-23 13:30:56,965: INFO/MainProcess] Scheduler: Sending due task agent-15s (signal_engine.scheduler.run_agent_15s)
[2026-06-23 13:31:11,966: INFO/MainProcess] Scheduler: Sending due task agent-15s (signal_engine.scheduler.run_agent_15s)
[2026-06-23 13:31:26,966: INFO/MainProcess] Scheduler: Sending due task agent-15s (signal_engine.scheduler.run_agent_15s)
[2026-06-23 13:31:41,967: INFO/MainProcess] Scheduler: Sending due task agent-15s (signal_engine.scheduler.run_agent_15s)
[2026-06-23 13:31:53,747: INFO/MainProcess] Scheduler: Sending due task agent-15m (signal_engine.scheduler.run_agent_15m)
[2026-06-23 13:31:53,779: INFO/MainProcess] Scheduler: Sending due task agent-3m (signal_engine.scheduler.run_agent_3m)
[2026-06-23 13:31:53,873: INFO/MainProcess] Scheduler: Sending due task agent-5m (signal_engine.scheduler.run_agent_5m)
[2026-06-23 13:31:54,207: INFO/MainProcess] Scheduler: Sending due task agent-1m (signal_engine.scheduler.run_agent_1m)
[2026-06-23 13:31:56,967: INFO/MainProcess] Scheduler: Sending due task agent-15s (signal_engine.scheduler.run_agent_15s)
[2026-06-23 13:32:11,967: INFO/MainProcess] Scheduler: Sending due task agent-15s (signal_engine.scheduler.run_agent_15s)
[2026-06-23 13:32:26,968: INFO/MainProcess] Scheduler: Sending due task agent-15s (signal_engine.scheduler.run_agent_15s)
[2026-06-23 13:32:41,969: INFO/MainProcess] Scheduler: Sending due task agent-15s (signal_engine.scheduler.run_agent_15s)
[2026-06-23 13:32:54,208: INFO/MainProcess] Scheduler: Sending due task agent-1m (signal_engine.scheduler.run_agent_1m)
[2026-06-23 13:32:56,969: INFO/MainProcess] Scheduler: Sending due task agent-15s (signal_engine.scheduler.run_agent_15s)
[2026-06-23 13:33:11,970: INFO/MainProcess] Scheduler: Sending due task agent-15s (signal_engine.scheduler.run_agent_15s)
[2026-06-23 13:33:26,970: INFO/MainProcess] Scheduler: Sending due task agent-15s (signal_engine.scheduler.run_agent_15s)
[2026-06-23 13:33:41,970: INFO/MainProcess] Scheduler: Sending due task agent-15s (signal_engine.scheduler.run_agent_15s)
[2026-06-23 13:33:54,208: INFO/MainProcess] Scheduler: Sending due task agent-1m (signal_engine.scheduler.run_agent_1m)
[2026-06-23 13:33:56,971: INFO/MainProcess] Scheduler: Sending due task agent-15s (signal_engine.scheduler.run_agent_15s)
[2026-06-23 13:34:11,971: INFO/MainProcess] Scheduler: Sending due task agent-15s (signal_engine.scheduler.run_agent_15s)
[2026-06-23 13:34:26,971: INFO/MainProcess] Scheduler: Sending due task agent-15s (signal_engine.scheduler.run_agent_15s)
[2026-06-23 13:34:41,972: INFO/MainProcess] Scheduler: Sending due task agent-15s (signal_engine.scheduler.run_agent_15s)
[2026-06-23 13:34:53,900: INFO/MainProcess] Scheduler: Sending due task agent-3m (signal_engine.scheduler.run_agent_3m)
[2026-06-23 13:34:54,209: INFO/MainProcess] Scheduler: Sending due task agent-1m (signal_engine.scheduler.run_agent_1m)
[2026-06-23 13:34:56,973: INFO/MainProcess] Scheduler: Sending due task agent-15s (signal_engine.scheduler.run_agent_15s)
[2026-06-23 13:35:11,973: INFO/MainProcess] Scheduler: Sending due task agent-15s (signal_engine.scheduler.run_agent_15s)
[2026-06-23 13:35:26,973: INFO/MainProcess] Scheduler: Sending due task agent-15s (signal_engine.scheduler.run_agent_15s)
[2026-06-23 13:35:41,974: INFO/MainProcess] Scheduler: Sending due task agent-15s (signal_engine.scheduler.run_agent_15s)
[2026-06-23 13:35:54,209: INFO/MainProcess] Scheduler: Sending due task agent-1m (signal_engine.scheduler.run_agent_1m)
[2026-06-23 13:35:56,975: INFO/MainProcess] Scheduler: Sending due task agent-15s (signal_engine.scheduler.run_agent_15s)
[2026-06-23 13:36:11,975: INFO/MainProcess] Scheduler: Sending due task agent-15s (signal_engine.scheduler.run_agent_15s)
[2026-06-23 13:36:26,976: INFO/MainProcess] Scheduler: Sending due task agent-15s (signal_engine.scheduler.run_agent_15s)
[2026-06-23 13:36:41,976: INFO/MainProcess] Scheduler: Sending due task agent-15s (signal_engine.scheduler.run_agent_15s)
[2026-06-23 13:36:53,873: INFO/MainProcess] Scheduler: Sending due task agent-5m (signal_engine.scheduler.run_agent_5m)
[2026-06-23 13:36:54,210: INFO/MainProcess] Scheduler: Sending due task agent-1m (signal_engine.scheduler.run_agent_1m)
[2026-06-23 13:36:56,976: INFO/MainProcess] Scheduler: Sending due task agent-15s (signal_engine.scheduler.run_agent_15s)
[2026-06-23 13:37:11,976: INFO/MainProcess] Scheduler: Sending due task agent-15s (signal_engine.scheduler.run_agent_15s)
[2026-06-23 13:37:26,976: INFO/MainProcess] Scheduler: Sending due task agent-15s (signal_engine.scheduler.run_agent_15s)
[2026-06-23 13:37:41,976: INFO/MainProcess] Scheduler: Sending due task agent-15s (signal_engine.scheduler.run_agent_15s)
[2026-06-23 13:37:53,900: INFO/MainProcess] Scheduler: Sending due task agent-3m (signal_engine.scheduler.run_agent_3m)
[2026-06-23 13:37:54,315: INFO/MainProcess] Scheduler: Sending due task agent-1m (signal_engine.scheduler.run_agent_1m)
[2026-06-23 13:37:56,977: INFO/MainProcess] Scheduler: Sending due task agent-15s (signal_engine.scheduler.run_agent_15s)
[2026-06-23 13:38:11,977: INFO/MainProcess] Scheduler: Sending due task agent-15s (signal_engine.scheduler.run_agent_15s)
[2026-06-23 13:38:26,977: INFO/MainProcess] Scheduler: Sending due task agent-15s (signal_engine.scheduler.run_agent_15s)
[2026-06-23 13:38:41,978: INFO/MainProcess] Scheduler: Sending due task agent-15s (signal_engine.scheduler.run_agent_15s)
[2026-06-23 13:38:54,315: INFO/MainProcess] Scheduler: Sending due task agent-1m (signal_engine.scheduler.run_agent_1m)
[2026-06-23 13:38:56,979: INFO/MainProcess] Scheduler: Sending due task agent-15s (signal_engine.scheduler.run_agent_15s)
[2026-06-23 13:39:11,979: INFO/MainProcess] Scheduler: Sending due task agent-15s (signal_engine.scheduler.run_agent_15s)
[2026-06-23 13:39:26,980: INFO/MainProcess] Scheduler: Sending due task agent-15s (signal_engine.scheduler.run_agent_15s)
[2026-06-23 13:39:41,980: INFO/MainProcess] Scheduler: Sending due task agent-15s (signal_engine.scheduler.run_agent_15s)
[2026-06-23 13:39:54,316: INFO/MainProcess] Scheduler: Sending due task agent-1m (signal_engine.scheduler.run_agent_1m)
[2026-06-23 13:39:56,981: INFO/MainProcess] Scheduler: Sending due task agent-15s (signal_engine.scheduler.run_agent_15s)
[2026-06-23 13:40:11,981: INFO/MainProcess] Scheduler: Sending due task agent-15s (signal_engine.scheduler.run_agent_15s)
[2026-06-23 13:40:26,981: INFO/MainProcess] Scheduler: Sending due task agent-15s (signal_engine.scheduler.run_agent_15s)
[2026-06-23 13:40:41,982: INFO/MainProcess] Scheduler: Sending due task agent-15s (signal_engine.scheduler.run_agent_15s)
[2026-06-23 13:40:53,901: INFO/MainProcess] Scheduler: Sending due task agent-3m (signal_engine.scheduler.run_agent_3m)
[2026-06-23 13:40:54,316: INFO/MainProcess] Scheduler: Sending due task agent-1m (signal_engine.scheduler.run_agent_1m)
[2026-06-23 13:40:57,121: INFO/MainProcess] Scheduler: Sending due task agent-15s (signal_engine.scheduler.run_agent_15s)
[2026-06-23 13:41:12,121: INFO/MainProcess] Scheduler: Sending due task agent-15s (signal_engine.scheduler.run_agent_15s)
[2026-06-23 13:41:27,122: INFO/MainProcess] Scheduler: Sending due task agent-15s (signal_engine.scheduler.run_agent_15s)
[2026-06-23 13:41:42,122: INFO/MainProcess] Scheduler: Sending due task agent-15s (signal_engine.scheduler.run_agent_15s)
[2026-06-23 13:41:53,874: INFO/MainProcess] Scheduler: Sending due task agent-5m (signal_engine.scheduler.run_agent_5m)
[2026-06-23 13:41:54,317: INFO/MainProcess] Scheduler: Sending due task agent-1m (signal_engine.scheduler.run_agent_1m)
[2026-06-23 13:41:57,122: INFO/MainProcess] Scheduler: Sending due task agent-15s (signal_engine.scheduler.run_agent_15s)
[2026-06-23 13:42:12,123: INFO/MainProcess] Scheduler: Sending due task agent-15s (signal_engine.scheduler.run_agent_15s)
[2026-06-23 13:42:27,124: INFO/MainProcess] Scheduler: Sending due task agent-15s (signal_engine.scheduler.run_agent_15s)
[2026-06-23 13:42:42,124: INFO/MainProcess] Scheduler: Sending due task agent-15s (signal_engine.scheduler.run_agent_15s)
[2026-06-23 13:42:54,318: INFO/MainProcess] Scheduler: Sending due task agent-1m (signal_engine.scheduler.run_agent_1m)
[2026-06-23 13:42:57,124: INFO/MainProcess] Scheduler: Sending due task agent-15s (signal_engine.scheduler.run_agent_15s)
[2026-06-23 13:43:12,125: INFO/MainProcess] Scheduler: Sending due task agent-15s (signal_engine.scheduler.run_agent_15s)
[2026-06-23 13:43:27,126: INFO/MainProcess] Scheduler: Sending due task agent-15s (signal_engine.scheduler.run_agent_15s)
[2026-06-23 13:43:42,126: INFO/MainProcess] Scheduler: Sending due task agent-15s (signal_engine.scheduler.run_agent_15s)
[2026-06-23 13:43:53,901: INFO/MainProcess] Scheduler: Sending due task agent-3m (signal_engine.scheduler.run_agent_3m)
[2026-06-23 13:43:54,319: INFO/MainProcess] Scheduler: Sending due task agent-1m (signal_engine.scheduler.run_agent_1m)
[2026-06-23 13:43:57,126: INFO/MainProcess] Scheduler: Sending due task agent-15s (signal_engine.scheduler.run_agent_15s)
[2026-06-23 13:44:12,127: INFO/MainProcess] Scheduler: Sending due task agent-15s (signal_engine.scheduler.run_agent_15s)
[2026-06-23 13:44:27,127: INFO/MainProcess] Scheduler: Sending due task agent-15s (signal_engine.scheduler.run_agent_15s)
[2026-06-23 13:44:42,127: INFO/MainProcess] Scheduler: Sending due task agent-15s (signal_engine.scheduler.run_agent_15s)
[2026-06-23 13:44:54,319: INFO/MainProcess] Scheduler: Sending due task agent-1m (signal_engine.scheduler.run_agent_1m)
[2026-06-23 13:44:57,127: INFO/MainProcess] Scheduler: Sending due task agent-15s (signal_engine.scheduler.run_agent_15s)
[2026-06-23 13:45:12,128: INFO/MainProcess] Scheduler: Sending due task agent-15s (signal_engine.scheduler.run_agent_15s)
[2026-06-23 13:45:27,128: INFO/MainProcess] Scheduler: Sending due task agent-15s (signal_engine.scheduler.run_agent_15s)
[2026-06-23 13:45:42,129: INFO/MainProcess] Scheduler: Sending due task agent-15s (signal_engine.scheduler.run_agent_15s)
[2026-06-23 13:45:54,319: INFO/MainProcess] Scheduler: Sending due task agent-1m (signal_engine.scheduler.run_agent_1m)
[2026-06-23 13:45:57,129: INFO/MainProcess] Scheduler: Sending due task agent-15s (signal_engine.scheduler.run_agent_15s)
[2026-06-23 13:46:12,129: INFO/MainProcess] Scheduler: Sending due task agent-15s (signal_engine.scheduler.run_agent_15s)
[2026-06-23 13:46:27,129: INFO/MainProcess] Scheduler: Sending due task agent-15s (signal_engine.scheduler.run_agent_15s)
[2026-06-23 13:46:42,129: INFO/MainProcess] Scheduler: Sending due task agent-15s (signal_engine.scheduler.run_agent_15s)
[2026-06-23 13:46:53,512: INFO/MainProcess] Scheduler: Sending due task agent-1h (signal_engine.scheduler.run_agent_1h)
[2026-06-23 13:46:53,748: INFO/MainProcess] Scheduler: Sending due task agent-15m (signal_engine.scheduler.run_agent_15m)
[2026-06-23 13:46:53,875: INFO/MainProcess] Scheduler: Sending due task agent-5m (signal_engine.scheduler.run_agent_5m)
[2026-06-23 13:46:53,901: INFO/MainProcess] Scheduler: Sending due task agent-3m (signal_engine.scheduler.run_agent_3m)
[2026-06-23 13:46:54,320: INFO/MainProcess] Scheduler: Sending due task agent-1m (signal_engine.scheduler.run_agent_1m)
[2026-06-23 13:46:57,130: INFO/MainProcess] Scheduler: Sending due task agent-15s (signal_engine.scheduler.run_agent_15s)
[2026-06-23 13:47:12,282: INFO/MainProcess] Scheduler: Sending due task agent-15s (signal_engine.scheduler.run_agent_15s)
[2026-06-23 13:47:27,282: INFO/MainProcess] Scheduler: Sending due task agent-15s (signal_engine.scheduler.run_agent_15s)
[2026-06-23 13:47:42,282: INFO/MainProcess] Scheduler: Sending due task agent-15s (signal_engine.scheduler.run_agent_15s)
[2026-06-23 13:47:54,320: INFO/MainProcess] Scheduler: Sending due task agent-1m (signal_engine.scheduler.run_agent_1m)
[2026-06-23 13:47:57,283: INFO/MainProcess] Scheduler: Sending due task agent-15s (signal_engine.scheduler.run_agent_15s)
[2026-06-23 13:48:12,283: INFO/MainProcess] Scheduler: Sending due task agent-15s (signal_engine.scheduler.run_agent_15s)
[2026-06-23 13:48:27,284: INFO/MainProcess] Scheduler: Sending due task agent-15s (signal_engine.scheduler.run_agent_15s)
[2026-06-23 13:48:42,285: INFO/MainProcess] Scheduler: Sending due task agent-15s (signal_engine.scheduler.run_agent_15s)
[2026-06-23 13:48:54,321: INFO/MainProcess] Scheduler: Sending due task agent-1m (signal_engine.scheduler.run_agent_1m)
[2026-06-23 13:48:57,285: INFO/MainProcess] Scheduler: Sending due task agent-15s (signal_engine.scheduler.run_agent_15s)
[2026-06-23 13:49:12,286: INFO/MainProcess] Scheduler: Sending due task agent-15s (signal_engine.scheduler.run_agent_15s)
[2026-06-23 13:49:27,286: INFO/MainProcess] Scheduler: Sending due task agent-15s (signal_engine.scheduler.run_agent_15s)
[2026-06-23 13:49:42,287: INFO/MainProcess] Scheduler: Sending due task agent-15s (signal_engine.scheduler.run_agent_15s)
[2026-06-23 13:49:53,902: INFO/MainProcess] Scheduler: Sending due task agent-3m (signal_engine.scheduler.run_agent_3m)
[2026-06-23 13:49:54,321: INFO/MainProcess] Scheduler: Sending due task agent-1m (signal_engine.scheduler.run_agent_1m)
[2026-06-23 13:49:57,288: INFO/MainProcess] Scheduler: Sending due task agent-15s (signal_engine.scheduler.run_agent_15s)
[2026-06-23 13:50:12,288: INFO/MainProcess] Scheduler: Sending due task agent-15s (signal_engine.scheduler.run_agent_15s)
[2026-06-23 13:50:27,289: INFO/MainProcess] Scheduler: Sending due task agent-15s (signal_engine.scheduler.run_agent_15s)
[2026-06-23 13:50:42,289: INFO/MainProcess] Scheduler: Sending due task agent-15s (signal_engine.scheduler.run_agent_15s)
[2026-06-23 13:50:54,321: INFO/MainProcess] Scheduler: Sending due task agent-1m (signal_engine.scheduler.run_agent_1m)
[2026-06-23 13:50:57,289: INFO/MainProcess] Scheduler: Sending due task agent-15s (signal_engine.scheduler.run_agent_15s)
[2026-06-23 13:51:12,289: INFO/MainProcess] Scheduler: Sending due task agent-15s (signal_engine.scheduler.run_agent_15s)
[2026-06-23 13:51:27,290: INFO/MainProcess] Scheduler: Sending due task agent-15s (signal_engine.scheduler.run_agent_15s)
[2026-06-23 13:51:42,290: INFO/MainProcess] Scheduler: Sending due task agent-15s (signal_engine.scheduler.run_agent_15s)
[2026-06-23 13:51:53,875: INFO/MainProcess] Scheduler: Sending due task agent-5m (signal_engine.scheduler.run_agent_5m)
[2026-06-23 13:51:54,322: INFO/MainProcess] Scheduler: Sending due task agent-1m (signal_engine.scheduler.run_agent_1m)
[2026-06-23 13:51:57,290: INFO/MainProcess] Scheduler: Sending due task agent-15s (signal_engine.scheduler.run_agent_15s)
[2026-06-23 13:52:12,291: INFO/MainProcess] Scheduler: Sending due task agent-15s (signal_engine.scheduler.run_agent_15s)
[2026-06-23 13:52:27,291: INFO/MainProcess] Scheduler: Sending due task agent-15s (signal_engine.scheduler.run_agent_15s)
[2026-06-23 13:52:42,292: INFO/MainProcess] Scheduler: Sending due task agent-15s (signal_engine.scheduler.run_agent_15s)
[2026-06-23 13:52:53,902: INFO/MainProcess] Scheduler: Sending due task agent-3m (signal_engine.scheduler.run_agent_3m)
[2026-06-23 13:52:54,323: INFO/MainProcess] Scheduler: Sending due task agent-1m (signal_engine.scheduler.run_agent_1m)
[2026-06-23 13:52:57,293: INFO/MainProcess] Scheduler: Sending due task agent-15s (signal_engine.scheduler.run_agent_15s)
[2026-06-23 13:53:12,293: INFO/MainProcess] Scheduler: Sending due task agent-15s (signal_engine.scheduler.run_agent_15s)
[2026-06-23 13:53:27,533: INFO/MainProcess] Scheduler: Sending due task agent-15s (signal_engine.scheduler.run_agent_15s)
[2026-06-23 13:53:42,533: INFO/MainProcess] Scheduler: Sending due task agent-15s (signal_engine.scheduler.run_agent_15s)
[2026-06-23 13:53:54,323: INFO/MainProcess] Scheduler: Sending due task agent-1m (signal_engine.scheduler.run_agent_1m)
[2026-06-23 13:53:57,533: INFO/MainProcess] Scheduler: Sending due task agent-15s (signal_engine.scheduler.run_agent_15s)
[2026-06-23 13:54:12,534: INFO/MainProcess] Scheduler: Sending due task agent-15s (signal_engine.scheduler.run_agent_15s)
[2026-06-23 13:54:27,534: INFO/MainProcess] Scheduler: Sending due task agent-15s (signal_engine.scheduler.run_agent_15s)
[2026-06-23 13:54:42,534: INFO/MainProcess] Scheduler: Sending due task agent-15s (signal_engine.scheduler.run_agent_15s)
[2026-06-23 13:54:54,324: INFO/MainProcess] Scheduler: Sending due task agent-1m (signal_engine.scheduler.run_agent_1m)
[2026-06-23 13:54:57,535: INFO/MainProcess] Scheduler: Sending due task agent-15s (signal_engine.scheduler.run_agent_15s)
[2026-06-23 13:55:12,535: INFO/MainProcess] Scheduler: Sending due task agent-15s (signal_engine.scheduler.run_agent_15s)
[2026-06-23 13:55:27,535: INFO/MainProcess] Scheduler: Sending due task agent-15s (signal_engine.scheduler.run_agent_15s)
[2026-06-23 13:55:42,536: INFO/MainProcess] Scheduler: Sending due task agent-15s (signal_engine.scheduler.run_agent_15s)
[2026-06-23 13:55:53,902: INFO/MainProcess] Scheduler: Sending due task agent-3m (signal_engine.scheduler.run_agent_3m)
[2026-06-23 13:55:54,325: INFO/MainProcess] Scheduler: Sending due task agent-1m (signal_engine.scheduler.run_agent_1m)
[2026-06-23 13:55:57,536: INFO/MainProcess] Scheduler: Sending due task agent-15s (signal_engine.scheduler.run_agent_15s)
[2026-06-23 13:56:12,537: INFO/MainProcess] Scheduler: Sending due task agent-15s (signal_engine.scheduler.run_agent_15s)
[2026-06-23 13:56:27,538: INFO/MainProcess] Scheduler: Sending due task agent-15s (signal_engine.scheduler.run_agent_15s)
[2026-06-23 13:56:42,668: INFO/MainProcess] Scheduler: Sending due task agent-15s (signal_engine.scheduler.run_agent_15s)
[2026-06-23 13:56:53,875: INFO/MainProcess] Scheduler: Sending due task agent-5m (signal_engine.scheduler.run_agent_5m)
[2026-06-23 13:56:54,325: INFO/MainProcess] Scheduler: Sending due task agent-1m (signal_engine.scheduler.run_agent_1m)
[2026-06-23 13:56:57,669: INFO/MainProcess] Scheduler: Sending due task agent-15s (signal_engine.scheduler.run_agent_15s)
[2026-06-23 13:57:12,669: INFO/MainProcess] Scheduler: Sending due task agent-15s (signal_engine.scheduler.run_agent_15s)
[2026-06-23 13:57:27,670: INFO/MainProcess] Scheduler: Sending due task agent-15s (signal_engine.scheduler.run_agent_15s)
[2026-06-23 13:57:42,670: INFO/MainProcess] Scheduler: Sending due task agent-15s (signal_engine.scheduler.run_agent_15s)
[2026-06-23 13:57:54,326: INFO/MainProcess] Scheduler: Sending due task agent-1m (signal_engine.scheduler.run_agent_1m)
[2026-06-23 13:57:57,671: INFO/MainProcess] Scheduler: Sending due task agent-15s (signal_engine.scheduler.run_agent_15s)
[2026-06-23 13:58:12,671: INFO/MainProcess] Scheduler: Sending due task agent-15s (signal_engine.scheduler.run_agent_15s)
[2026-06-23 13:58:27,672: INFO/MainProcess] Scheduler: Sending due task agent-15s (signal_engine.scheduler.run_agent_15s)
[2026-06-23 13:58:42,673: INFO/MainProcess] Scheduler: Sending due task agent-15s (signal_engine.scheduler.run_agent_15s)
[2026-06-23 13:58:53,902: INFO/MainProcess] Scheduler: Sending due task agent-3m (signal_engine.scheduler.run_agent_3m)
[2026-06-23 13:58:54,327: INFO/MainProcess] Scheduler: Sending due task agent-1m (signal_engine.scheduler.run_agent_1m)
[2026-06-23 13:58:57,674: INFO/MainProcess] Scheduler: Sending due task agent-15s (signal_engine.scheduler.run_agent_15s)
[2026-06-23 13:59:12,675: INFO/MainProcess] Scheduler: Sending due task agent-15s (signal_engine.scheduler.run_agent_15s)
[2026-06-23 13:59:27,675: INFO/MainProcess] Scheduler: Sending due task agent-15s (signal_engine.scheduler.run_agent_15s)
[2026-06-23 13:59:42,676: INFO/MainProcess] Scheduler: Sending due task agent-15s (signal_engine.scheduler.run_agent_15s)
[2026-06-23 13:59:54,328: INFO/MainProcess] Scheduler: Sending due task agent-1m (signal_engine.scheduler.run_agent_1m)
[2026-06-23 13:59:57,677: INFO/MainProcess] Scheduler: Sending due task agent-15s (signal_engine.scheduler.run_agent_15s)
[2026-06-23 14:00:12,678: INFO/MainProcess] Scheduler: Sending due task agent-15s (signal_engine.scheduler.run_agent_15s)
[2026-06-23 14:00:27,678: INFO/MainProcess] Scheduler: Sending due task agent-15s (signal_engine.scheduler.run_agent_15s)
[2026-06-23 14:00:42,678: INFO/MainProcess] Scheduler: Sending due task agent-15s (signal_engine.scheduler.run_agent_15s)
[2026-06-23 14:00:54,329: INFO/MainProcess] Scheduler: Sending due task agent-1m (signal_engine.scheduler.run_agent_1m)
[2026-06-23 14:00:57,679: INFO/MainProcess] Scheduler: Sending due task agent-15s (signal_engine.scheduler.run_agent_15s)
[2026-06-23 14:01:12,679: INFO/MainProcess] Scheduler: Sending due task agent-15s (signal_engine.scheduler.run_agent_15s)
[2026-06-23 14:01:27,680: INFO/MainProcess] Scheduler: Sending due task agent-15s (signal_engine.scheduler.run_agent_15s)
[2026-06-23 14:01:42,681: INFO/MainProcess] Scheduler: Sending due task agent-15s (signal_engine.scheduler.run_agent_15s)
[2026-06-23 14:01:53,749: INFO/MainProcess] Scheduler: Sending due task agent-15m (signal_engine.scheduler.run_agent_15m)
[2026-06-23 14:01:53,875: INFO/MainProcess] Scheduler: Sending due task agent-5m (signal_engine.scheduler.run_agent_5m)
[2026-06-23 14:01:53,903: INFO/MainProcess] Scheduler: Sending due task agent-3m (signal_engine.scheduler.run_agent_3m)
[2026-06-23 14:01:54,329: INFO/MainProcess] Scheduler: Sending due task agent-1m (signal_engine.scheduler.run_agent_1m)
[2026-06-23 14:01:57,681: INFO/MainProcess] Scheduler: Sending due task agent-15s (signal_engine.scheduler.run_agent_15s)
[2026-06-23 14:02:12,682: INFO/MainProcess] Scheduler: Sending due task agent-15s (signal_engine.scheduler.run_agent_15s)
[2026-06-23 14:02:27,682: INFO/MainProcess] Scheduler: Sending due task agent-15s (signal_engine.scheduler.run_agent_15s)
[2026-06-23 14:02:42,683: INFO/MainProcess] Scheduler: Sending due task agent-15s (signal_engine.scheduler.run_agent_15s)
[2026-06-23 14:02:54,496: INFO/MainProcess] Scheduler: Sending due task agent-1m (signal_engine.scheduler.run_agent_1m)
[2026-06-23 14:02:57,683: INFO/MainProcess] Scheduler: Sending due task agent-15s (signal_engine.scheduler.run_agent_15s)
[2026-06-23 14:03:12,684: INFO/MainProcess] Scheduler: Sending due task agent-15s (signal_engine.scheduler.run_agent_15s)
[2026-06-23 14:03:27,684: INFO/MainProcess] Scheduler: Sending due task agent-15s (signal_engine.scheduler.run_agent_15s)
[2026-06-23 14:03:42,684: INFO/MainProcess] Scheduler: Sending due task agent-15s (signal_engine.scheduler.run_agent_15s)
[2026-06-23 14:03:54,496: INFO/MainProcess] Scheduler: Sending due task agent-1m (signal_engine.scheduler.run_agent_1m)
[2026-06-23 14:03:57,684: INFO/MainProcess] Scheduler: Sending due task agent-15s (signal_engine.scheduler.run_agent_15s)
[2026-06-23 14:04:12,685: INFO/MainProcess] Scheduler: Sending due task agent-15s (signal_engine.scheduler.run_agent_15s)
[2026-06-23 14:04:27,686: INFO/MainProcess] Scheduler: Sending due task agent-15s (signal_engine.scheduler.run_agent_15s)
[2026-06-23 14:04:42,686: INFO/MainProcess] Scheduler: Sending due task agent-15s (signal_engine.scheduler.run_agent_15s)
[2026-06-23 14:04:53,904: INFO/MainProcess] Scheduler: Sending due task agent-3m (signal_engine.scheduler.run_agent_3m)
[2026-06-23 14:04:54,496: INFO/MainProcess] Scheduler: Sending due task agent-1m (signal_engine.scheduler.run_agent_1m)
[2026-06-23 14:04:57,687: INFO/MainProcess] Scheduler: Sending due task agent-15s (signal_engine.scheduler.run_agent_15s)
[2026-06-23 14:05:12,687: INFO/MainProcess] Scheduler: Sending due task agent-15s (signal_engine.scheduler.run_agent_15s)
[2026-06-23 14:05:27,688: INFO/MainProcess] Scheduler: Sending due task agent-15s (signal_engine.scheduler.run_agent_15s)
[2026-06-23 14:05:42,689: INFO/MainProcess] Scheduler: Sending due task agent-15s (signal_engine.scheduler.run_agent_15s)
[2026-06-23 14:05:54,497: INFO/MainProcess] Scheduler: Sending due task agent-1m (signal_engine.scheduler.run_agent_1m)
[2026-06-23 14:05:57,833: INFO/MainProcess] Scheduler: Sending due task agent-15s (signal_engine.scheduler.run_agent_15s)
[2026-06-23 14:06:12,833: INFO/MainProcess] Scheduler: Sending due task agent-15s (signal_engine.scheduler.run_agent_15s)
[2026-06-23 14:06:27,833: INFO/MainProcess] Scheduler: Sending due task agent-15s (signal_engine.scheduler.run_agent_15s)
[2026-06-23 14:06:42,834: INFO/MainProcess] Scheduler: Sending due task agent-15s (signal_engine.scheduler.run_agent_15s)
[2026-06-23 14:06:53,876: INFO/MainProcess] Scheduler: Sending due task agent-5m (signal_engine.scheduler.run_agent_5m)
[2026-06-23 14:06:54,498: INFO/MainProcess] Scheduler: Sending due task agent-1m (signal_engine.scheduler.run_agent_1m)
[2026-06-23 14:06:57,834: INFO/MainProcess] Scheduler: Sending due task agent-15s (signal_engine.scheduler.run_agent_15s)
[2026-06-23 14:07:12,835: INFO/MainProcess] Scheduler: Sending due task agent-15s (signal_engine.scheduler.run_agent_15s)
[2026-06-23 14:07:27,835: INFO/MainProcess] Scheduler: Sending due task agent-15s (signal_engine.scheduler.run_agent_15s)
[2026-06-23 14:07:42,836: INFO/MainProcess] Scheduler: Sending due task agent-15s (signal_engine.scheduler.run_agent_15s)
[2026-06-23 14:07:53,904: INFO/MainProcess] Scheduler: Sending due task agent-3m (signal_engine.scheduler.run_agent_3m)
[2026-06-23 14:07:54,498: INFO/MainProcess] Scheduler: Sending due task agent-1m (signal_engine.scheduler.run_agent_1m)
[2026-06-23 14:07:57,837: INFO/MainProcess] Scheduler: Sending due task agent-15s (signal_engine.scheduler.run_agent_15s)
[2026-06-23 14:08:12,838: INFO/MainProcess] Scheduler: Sending due task agent-15s (signal_engine.scheduler.run_agent_15s)
[2026-06-23 14:08:27,838: INFO/MainProcess] Scheduler: Sending due task agent-15s (signal_engine.scheduler.run_agent_15s)
[2026-06-23 14:08:42,838: INFO/MainProcess] Scheduler: Sending due task agent-15s (signal_engine.scheduler.run_agent_15s)
[2026-06-23 14:08:54,498: INFO/MainProcess] Scheduler: Sending due task agent-1m (signal_engine.scheduler.run_agent_1m)
[2026-06-23 14:08:57,838: INFO/MainProcess] Scheduler: Sending due task agent-15s (signal_engine.scheduler.run_agent_15s)
[2026-06-23 14:09:12,985: INFO/MainProcess] Scheduler: Sending due task agent-15s (signal_engine.scheduler.run_agent_15s)
[2026-06-23 14:09:27,985: INFO/MainProcess] Scheduler: Sending due task agent-15s (signal_engine.scheduler.run_agent_15s)
[2026-06-23 14:09:42,985: INFO/MainProcess] Scheduler: Sending due task agent-15s (signal_engine.scheduler.run_agent_15s)
[2026-06-23 14:09:54,499: INFO/MainProcess] Scheduler: Sending due task agent-1m (signal_engine.scheduler.run_agent_1m)
[2026-06-23 14:09:57,986: INFO/MainProcess] Scheduler: Sending due task agent-15s (signal_engine.scheduler.run_agent_15s)
[2026-06-23 14:10:12,986: INFO/MainProcess] Scheduler: Sending due task agent-15s (signal_engine.scheduler.run_agent_15s)
[2026-06-23 14:10:27,986: INFO/MainProcess] Scheduler: Sending due task agent-15s (signal_engine.scheduler.run_agent_15s)
[2026-06-23 14:10:42,987: INFO/MainProcess] Scheduler: Sending due task agent-15s (signal_engine.scheduler.run_agent_15s)
[2026-06-23 14:10:53,905: INFO/MainProcess] Scheduler: Sending due task agent-3m (signal_engine.scheduler.run_agent_3m)
[2026-06-23 14:10:54,499: INFO/MainProcess] Scheduler: Sending due task agent-1m (signal_engine.scheduler.run_agent_1m)
[2026-06-23 14:10:57,988: INFO/MainProcess] Scheduler: Sending due task agent-15s (signal_engine.scheduler.run_agent_15s)
[2026-06-23 14:11:12,988: INFO/MainProcess] Scheduler: Sending due task agent-15s (signal_engine.scheduler.run_agent_15s)
[2026-06-23 14:11:27,989: INFO/MainProcess] Scheduler: Sending due task agent-15s (signal_engine.scheduler.run_agent_15s)
[2026-06-23 14:11:42,990: INFO/MainProcess] Scheduler: Sending due task agent-15s (signal_engine.scheduler.run_agent_15s)
[2026-06-23 14:11:53,876: INFO/MainProcess] Scheduler: Sending due task agent-5m (signal_engine.scheduler.run_agent_5m)
[2026-06-23 14:11:54,499: INFO/MainProcess] Scheduler: Sending due task agent-1m (signal_engine.scheduler.run_agent_1m)
[2026-06-23 14:11:57,990: INFO/MainProcess] Scheduler: Sending due task agent-15s (signal_engine.scheduler.run_agent_15s)
[2026-06-23 14:12:12,990: INFO/MainProcess] Scheduler: Sending due task agent-15s (signal_engine.scheduler.run_agent_15s)
[2026-06-23 14:12:28,088: INFO/MainProcess] Scheduler: Sending due task agent-15s (signal_engine.scheduler.run_agent_15s)
[2026-06-23 14:12:43,087: INFO/MainProcess] Scheduler: Sending due task agent-15s (signal_engine.scheduler.run_agent_15s)
[2026-06-23 14:12:54,500: INFO/MainProcess] Scheduler: Sending due task agent-1m (signal_engine.scheduler.run_agent_1m)
[2026-06-23 14:12:58,088: INFO/MainProcess] Scheduler: Sending due task agent-15s (signal_engine.scheduler.run_agent_15s)
[2026-06-23 14:13:13,089: INFO/MainProcess] Scheduler: Sending due task agent-15s (signal_engine.scheduler.run_agent_15s)
[2026-06-23 14:13:28,089: INFO/MainProcess] Scheduler: Sending due task agent-15s (signal_engine.scheduler.run_agent_15s)
[2026-06-23 14:13:43,090: INFO/MainProcess] Scheduler: Sending due task agent-15s (signal_engine.scheduler.run_agent_15s)
[2026-06-23 14:13:53,905: INFO/MainProcess] Scheduler: Sending due task agent-3m (signal_engine.scheduler.run_agent_3m)
[2026-06-23 14:13:54,501: INFO/MainProcess] Scheduler: Sending due task agent-1m (signal_engine.scheduler.run_agent_1m)
[2026-06-23 14:13:58,090: INFO/MainProcess] Scheduler: Sending due task agent-15s (signal_engine.scheduler.run_agent_15s)
[2026-06-23 14:14:13,090: INFO/MainProcess] Scheduler: Sending due task agent-15s (signal_engine.scheduler.run_agent_15s)
[2026-06-23 14:14:28,091: INFO/MainProcess] Scheduler: Sending due task agent-15s (signal_engine.scheduler.run_agent_15s)
[2026-06-23 14:14:43,091: INFO/MainProcess] Scheduler: Sending due task agent-15s (signal_engine.scheduler.run_agent_15s)
[2026-06-23 14:14:54,501: INFO/MainProcess] Scheduler: Sending due task agent-1m (signal_engine.scheduler.run_agent_1m)
[2026-06-23 14:14:58,092: INFO/MainProcess] Scheduler: Sending due task agent-15s (signal_engine.scheduler.run_agent_15s)
[2026-06-23 14:15:13,092: INFO/MainProcess] Scheduler: Sending due task agent-15s (signal_engine.scheduler.run_agent_15s)
[2026-06-23 14:15:28,093: INFO/MainProcess] Scheduler: Sending due task agent-15s (signal_engine.scheduler.run_agent_15s)
[2026-06-23 14:15:43,094: INFO/MainProcess] Scheduler: Sending due task agent-15s (signal_engine.scheduler.run_agent_15s)
[2026-06-23 14:15:54,502: INFO/MainProcess] Scheduler: Sending due task agent-1m (signal_engine.scheduler.run_agent_1m)
[2026-06-23 14:15:58,094: INFO/MainProcess] Scheduler: Sending due task agent-15s (signal_engine.scheduler.run_agent_15s)
[2026-06-23 14:16:13,095: INFO/MainProcess] Scheduler: Sending due task agent-15s (signal_engine.scheduler.run_agent_15s)
[2026-06-23 14:16:28,095: INFO/MainProcess] Scheduler: Sending due task agent-15s (signal_engine.scheduler.run_agent_15s)
[2026-06-23 14:16:43,096: INFO/MainProcess] Scheduler: Sending due task agent-15s (signal_engine.scheduler.run_agent_15s)
[2026-06-23 14:16:53,749: INFO/MainProcess] Scheduler: Sending due task agent-15m (signal_engine.scheduler.run_agent_15m)
[2026-06-23 14:16:53,876: INFO/MainProcess] Scheduler: Sending due task agent-5m (signal_engine.scheduler.run_agent_5m)
[2026-06-23 14:16:53,906: INFO/MainProcess] Scheduler: Sending due task agent-3m (signal_engine.scheduler.run_agent_3m)
[2026-06-23 14:16:54,502: INFO/MainProcess] Scheduler: Sending due task agent-1m (signal_engine.scheduler.run_agent_1m)
[2026-06-23 14:16:58,096: INFO/MainProcess] Scheduler: Sending due task agent-15s (signal_engine.scheduler.run_agent_15s)
[2026-06-23 14:39:56,124: INFO/MainProcess] Scheduler: Sending due task agent-1m (signal_engine.scheduler.run_agent_1m)
[2026-06-23 14:39:56,126: INFO/MainProcess] Scheduler: Sending due task agent-3m (signal_engine.scheduler.run_agent_3m)
[2026-06-23 14:39:56,128: INFO/MainProcess] Scheduler: Sending due task agent-5m (signal_engine.scheduler.run_agent_5m)
[2026-06-23 14:39:56,130: INFO/MainProcess] Scheduler: Sending due task agent-15m (signal_engine.scheduler.run_agent_15m)
[2026-06-23 14:39:56,132: INFO/MainProcess] Scheduler: Sending due task agent-15s (signal_engine.scheduler.run_agent_15s)
[2026-06-23 14:40:11,132: INFO/MainProcess] Scheduler: Sending due task agent-15s (signal_engine.scheduler.run_agent_15s)
[2026-06-23 14:40:26,133: INFO/MainProcess] Scheduler: Sending due task agent-15s (signal_engine.scheduler.run_agent_15s)
[2026-06-23 14:40:41,134: INFO/MainProcess] Scheduler: Sending due task agent-15s (signal_engine.scheduler.run_agent_15s)
[2026-06-23 14:40:56,124: INFO/MainProcess] Scheduler: Sending due task agent-1m (signal_engine.scheduler.run_agent_1m)
[2026-06-23 14:40:56,134: INFO/MainProcess] Scheduler: Sending due task agent-15s (signal_engine.scheduler.run_agent_15s)
[2026-06-23 14:41:11,134: INFO/MainProcess] Scheduler: Sending due task agent-15s (signal_engine.scheduler.run_agent_15s)
[2026-06-23 14:41:26,135: INFO/MainProcess] Scheduler: Sending due task agent-15s (signal_engine.scheduler.run_agent_15s)
[2026-06-23 14:41:41,136: INFO/MainProcess] Scheduler: Sending due task agent-15s (signal_engine.scheduler.run_agent_15s)
[2026-06-23 14:41:56,125: INFO/MainProcess] Scheduler: Sending due task agent-1m (signal_engine.scheduler.run_agent_1m)
[2026-06-23 14:41:56,136: INFO/MainProcess] Scheduler: Sending due task agent-15s (signal_engine.scheduler.run_agent_15s)
[2026-06-23 14:42:11,136: INFO/MainProcess] Scheduler: Sending due task agent-15s (signal_engine.scheduler.run_agent_15s)
[2026-06-23 14:42:26,137: INFO/MainProcess] Scheduler: Sending due task agent-15s (signal_engine.scheduler.run_agent_15s)
[2026-06-23 14:42:41,138: INFO/MainProcess] Scheduler: Sending due task agent-15s (signal_engine.scheduler.run_agent_15s)
[2026-06-23 14:42:56,125: INFO/MainProcess] Scheduler: Sending due task agent-1m (signal_engine.scheduler.run_agent_1m)
[2026-06-23 14:42:56,284: INFO/MainProcess] Scheduler: Sending due task agent-3m (signal_engine.scheduler.run_agent_3m)
[2026-06-23 14:42:56,285: INFO/MainProcess] Scheduler: Sending due task agent-15s (signal_engine.scheduler.run_agent_15s)
[2026-06-23 14:43:11,286: INFO/MainProcess] Scheduler: Sending due task agent-15s (signal_engine.scheduler.run_agent_15s)
[2026-06-23 14:43:26,287: INFO/MainProcess] Scheduler: Sending due task agent-15s (signal_engine.scheduler.run_agent_15s)
[2026-06-23 14:43:41,287: INFO/MainProcess] Scheduler: Sending due task agent-15s (signal_engine.scheduler.run_agent_15s)
[2026-06-23 14:43:56,125: INFO/MainProcess] Scheduler: Sending due task agent-1m (signal_engine.scheduler.run_agent_1m)
[2026-06-23 14:43:56,288: INFO/MainProcess] Scheduler: Sending due task agent-15s (signal_engine.scheduler.run_agent_15s)
[2026-06-23 14:44:11,288: INFO/MainProcess] Scheduler: Sending due task agent-15s (signal_engine.scheduler.run_agent_15s)
[2026-06-23 14:44:26,288: INFO/MainProcess] Scheduler: Sending due task agent-15s (signal_engine.scheduler.run_agent_15s)
[2026-06-23 14:44:41,288: INFO/MainProcess] Scheduler: Sending due task agent-15s (signal_engine.scheduler.run_agent_15s)
[2026-06-23 14:44:56,126: INFO/MainProcess] Scheduler: Sending due task agent-1m (signal_engine.scheduler.run_agent_1m)
[2026-06-23 14:44:56,128: INFO/MainProcess] Scheduler: Sending due task agent-5m (signal_engine.scheduler.run_agent_5m)
[2026-06-23 14:44:56,289: INFO/MainProcess] Scheduler: Sending due task agent-15s (signal_engine.scheduler.run_agent_15s)
[2026-06-23 14:45:11,289: INFO/MainProcess] Scheduler: Sending due task agent-15s (signal_engine.scheduler.run_agent_15s)
[2026-06-23 14:45:26,289: INFO/MainProcess] Scheduler: Sending due task agent-15s (signal_engine.scheduler.run_agent_15s)
[2026-06-23 14:45:41,290: INFO/MainProcess] Scheduler: Sending due task agent-15s (signal_engine.scheduler.run_agent_15s)
[2026-06-23 14:45:56,126: INFO/MainProcess] Scheduler: Sending due task agent-1m (signal_engine.scheduler.run_agent_1m)
[2026-06-23 14:45:56,285: INFO/MainProcess] Scheduler: Sending due task agent-3m (signal_engine.scheduler.run_agent_3m)
[2026-06-23 14:45:56,292: INFO/MainProcess] Scheduler: Sending due task agent-15s (signal_engine.scheduler.run_agent_15s)
[2026-06-23 14:46:11,426: INFO/MainProcess] Scheduler: Sending due task agent-15s (signal_engine.scheduler.run_agent_15s)
[2026-06-23 14:46:26,427: INFO/MainProcess] Scheduler: Sending due task agent-15s (signal_engine.scheduler.run_agent_15s)
[2026-06-23 14:46:41,427: INFO/MainProcess] Scheduler: Sending due task agent-15s (signal_engine.scheduler.run_agent_15s)
[2026-06-23 14:46:53,512: INFO/MainProcess] Scheduler: Sending due task agent-1h (signal_engine.scheduler.run_agent_1h)
[2026-06-23 14:46:56,126: INFO/MainProcess] Scheduler: Sending due task agent-1m (signal_engine.scheduler.run_agent_1m)
[2026-06-23 14:46:56,427: INFO/MainProcess] Scheduler: Sending due task agent-15s (signal_engine.scheduler.run_agent_15s)
[2026-06-23 14:47:11,428: INFO/MainProcess] Scheduler: Sending due task agent-15s (signal_engine.scheduler.run_agent_15s)
[2026-06-23 14:47:26,428: INFO/MainProcess] Scheduler: Sending due task agent-15s (signal_engine.scheduler.run_agent_15s)
[2026-06-23 14:47:41,429: INFO/MainProcess] Scheduler: Sending due task agent-15s (signal_engine.scheduler.run_agent_15s)
[2026-06-23 14:47:56,126: INFO/MainProcess] Scheduler: Sending due task agent-1m (signal_engine.scheduler.run_agent_1m)
[2026-06-23 14:47:56,430: INFO/MainProcess] Scheduler: Sending due task agent-15s (signal_engine.scheduler.run_agent_15s)
[2026-06-23 14:48:11,430: INFO/MainProcess] Scheduler: Sending due task agent-15s (signal_engine.scheduler.run_agent_15s)
[2026-06-23 14:48:26,431: INFO/MainProcess] Scheduler: Sending due task agent-15s (signal_engine.scheduler.run_agent_15s)
[2026-06-23 14:48:41,431: INFO/MainProcess] Scheduler: Sending due task agent-15s (signal_engine.scheduler.run_agent_15s)
[2026-06-23 14:48:56,126: INFO/MainProcess] Scheduler: Sending due task agent-1m (signal_engine.scheduler.run_agent_1m)
[2026-06-23 14:48:56,285: INFO/MainProcess] Scheduler: Sending due task agent-3m (signal_engine.scheduler.run_agent_3m)
[2026-06-23 14:48:56,431: INFO/MainProcess] Scheduler: Sending due task agent-15s (signal_engine.scheduler.run_agent_15s)
[2026-06-23 14:49:11,432: INFO/MainProcess] Scheduler: Sending due task agent-15s (signal_engine.scheduler.run_agent_15s)
[2026-06-23 14:49:26,432: INFO/MainProcess] Scheduler: Sending due task agent-15s (signal_engine.scheduler.run_agent_15s)
[2026-06-23 14:49:41,433: INFO/MainProcess] Scheduler: Sending due task agent-15s (signal_engine.scheduler.run_agent_15s)
[2026-06-23 14:49:56,129: INFO/MainProcess] Scheduler: Sending due task agent-5m (signal_engine.scheduler.run_agent_5m)
[2026-06-23 14:49:56,222: INFO/MainProcess] Scheduler: Sending due task agent-1m (signal_engine.scheduler.run_agent_1m)
[2026-06-23 14:49:56,434: INFO/MainProcess] Scheduler: Sending due task agent-15s (signal_engine.scheduler.run_agent_15s)
[2026-06-23 14:50:11,435: INFO/MainProcess] Scheduler: Sending due task agent-15s (signal_engine.scheduler.run_agent_15s)
[2026-06-23 14:50:26,435: INFO/MainProcess] Scheduler: Sending due task agent-15s (signal_engine.scheduler.run_agent_15s)
[2026-06-23 14:50:41,435: INFO/MainProcess] Scheduler: Sending due task agent-15s (signal_engine.scheduler.run_agent_15s)
[2026-06-23 14:50:56,222: INFO/MainProcess] Scheduler: Sending due task agent-1m (signal_engine.scheduler.run_agent_1m)
[2026-06-23 14:50:56,436: INFO/MainProcess] Scheduler: Sending due task agent-15s (signal_engine.scheduler.run_agent_15s)
[2026-06-23 14:51:11,436: INFO/MainProcess] Scheduler: Sending due task agent-15s (signal_engine.scheduler.run_agent_15s)
[2026-06-23 14:51:26,436: INFO/MainProcess] Scheduler: Sending due task agent-15s (signal_engine.scheduler.run_agent_15s)
[2026-06-23 14:51:41,437: INFO/MainProcess] Scheduler: Sending due task agent-15s (signal_engine.scheduler.run_agent_15s)
[2026-06-23 14:51:56,222: INFO/MainProcess] Scheduler: Sending due task agent-1m (signal_engine.scheduler.run_agent_1m)
[2026-06-23 14:51:56,285: INFO/MainProcess] Scheduler: Sending due task agent-3m (signal_engine.scheduler.run_agent_3m)
[2026-06-23 14:51:56,437: INFO/MainProcess] Scheduler: Sending due task agent-15s (signal_engine.scheduler.run_agent_15s)
[2026-06-23 14:52:11,438: INFO/MainProcess] Scheduler: Sending due task agent-15s (signal_engine.scheduler.run_agent_15s)
[2026-06-23 14:52:26,511: INFO/MainProcess] Scheduler: Sending due task agent-15s (signal_engine.scheduler.run_agent_15s)
[2026-06-23 14:52:41,511: INFO/MainProcess] Scheduler: Sending due task agent-15s (signal_engine.scheduler.run_agent_15s)
[2026-06-23 14:52:56,223: INFO/MainProcess] Scheduler: Sending due task agent-1m (signal_engine.scheduler.run_agent_1m)
[2026-06-23 14:52:56,511: INFO/MainProcess] Scheduler: Sending due task agent-15s (signal_engine.scheduler.run_agent_15s)
[2026-06-23 14:53:11,512: INFO/MainProcess] Scheduler: Sending due task agent-15s (signal_engine.scheduler.run_agent_15s)
[2026-06-23 14:53:26,513: INFO/MainProcess] Scheduler: Sending due task agent-15s (signal_engine.scheduler.run_agent_15s)
[2026-06-23 14:53:41,513: INFO/MainProcess] Scheduler: Sending due task agent-15s (signal_engine.scheduler.run_agent_15s)
[2026-06-23 14:53:56,224: INFO/MainProcess] Scheduler: Sending due task agent-1m (signal_engine.scheduler.run_agent_1m)
[2026-06-23 14:53:56,513: INFO/MainProcess] Scheduler: Sending due task agent-15s (signal_engine.scheduler.run_agent_15s)
[2026-06-23 14:54:11,514: INFO/MainProcess] Scheduler: Sending due task agent-15s (signal_engine.scheduler.run_agent_15s)
[2026-06-23 14:54:26,514: INFO/MainProcess] Scheduler: Sending due task agent-15s (signal_engine.scheduler.run_agent_15s)
[2026-06-23 14:54:41,515: INFO/MainProcess] Scheduler: Sending due task agent-15s (signal_engine.scheduler.run_agent_15s)
[2026-06-23 14:54:56,130: INFO/MainProcess] Scheduler: Sending due task agent-15m (signal_engine.scheduler.run_agent_15m)
[2026-06-23 14:54:56,142: INFO/MainProcess] Scheduler: Sending due task agent-5m (signal_engine.scheduler.run_agent_5m)
[2026-06-23 14:54:56,224: INFO/MainProcess] Scheduler: Sending due task agent-1m (signal_engine.scheduler.run_agent_1m)
[2026-06-23 14:54:56,286: INFO/MainProcess] Scheduler: Sending due task agent-3m (signal_engine.scheduler.run_agent_3m)
[2026-06-23 14:54:56,515: INFO/MainProcess] Scheduler: Sending due task agent-15s (signal_engine.scheduler.run_agent_15s)
[2026-06-23 14:55:11,516: INFO/MainProcess] Scheduler: Sending due task agent-15s (signal_engine.scheduler.run_agent_15s)
[2026-06-23 14:55:26,516: INFO/MainProcess] Scheduler: Sending due task agent-15s (signal_engine.scheduler.run_agent_15s)
[2026-06-23 14:55:41,517: INFO/MainProcess] Scheduler: Sending due task agent-15s (signal_engine.scheduler.run_agent_15s)
[2026-06-23 14:55:56,225: INFO/MainProcess] Scheduler: Sending due task agent-1m (signal_engine.scheduler.run_agent_1m)
[2026-06-23 14:55:56,517: INFO/MainProcess] Scheduler: Sending due task agent-15s (signal_engine.scheduler.run_agent_15s)
[2026-06-23 14:56:11,518: INFO/MainProcess] Scheduler: Sending due task agent-15s (signal_engine.scheduler.run_agent_15s)
[2026-06-23 14:56:26,518: INFO/MainProcess] Scheduler: Sending due task agent-15s (signal_engine.scheduler.run_agent_15s)
[2026-06-23 14:56:41,519: INFO/MainProcess] Scheduler: Sending due task agent-15s (signal_engine.scheduler.run_agent_15s)
[2026-06-23 14:56:56,225: INFO/MainProcess] Scheduler: Sending due task agent-1m (signal_engine.scheduler.run_agent_1m)
[2026-06-23 14:56:56,520: INFO/MainProcess] Scheduler: Sending due task agent-15s (signal_engine.scheduler.run_agent_15s)
[2026-06-23 14:57:11,520: INFO/MainProcess] Scheduler: Sending due task agent-15s (signal_engine.scheduler.run_agent_15s)
[2026-06-23 14:57:26,521: INFO/MainProcess] Scheduler: Sending due task agent-15s (signal_engine.scheduler.run_agent_15s)
[2026-06-23 14:57:41,521: INFO/MainProcess] Scheduler: Sending due task agent-15s (signal_engine.scheduler.run_agent_15s)
[2026-06-23 14:57:56,226: INFO/MainProcess] Scheduler: Sending due task agent-1m (signal_engine.scheduler.run_agent_1m)
[2026-06-23 14:57:56,286: INFO/MainProcess] Scheduler: Sending due task agent-3m (signal_engine.scheduler.run_agent_3m)
[2026-06-23 14:57:56,522: INFO/MainProcess] Scheduler: Sending due task agent-15s (signal_engine.scheduler.run_agent_15s)
[2026-06-23 14:58:11,522: INFO/MainProcess] Scheduler: Sending due task agent-15s (signal_engine.scheduler.run_agent_15s)
[2026-06-23 14:58:26,522: INFO/MainProcess] Scheduler: Sending due task agent-15s (signal_engine.scheduler.run_agent_15s)
[2026-06-23 14:58:41,648: INFO/MainProcess] Scheduler: Sending due task agent-15s (signal_engine.scheduler.run_agent_15s)
[2026-06-23 14:58:56,226: INFO/MainProcess] Scheduler: Sending due task agent-1m (signal_engine.scheduler.run_agent_1m)
[2026-06-23 14:58:56,649: INFO/MainProcess] Scheduler: Sending due task agent-15s (signal_engine.scheduler.run_agent_15s)
[2026-06-23 14:59:11,650: INFO/MainProcess] Scheduler: Sending due task agent-15s (signal_engine.scheduler.run_agent_15s)
[2026-06-23 14:59:26,651: INFO/MainProcess] Scheduler: Sending due task agent-15s (signal_engine.scheduler.run_agent_15s)
[2026-06-23 14:59:41,651: INFO/MainProcess] Scheduler: Sending due task agent-15s (signal_engine.scheduler.run_agent_15s)
[2026-06-23 14:59:56,142: INFO/MainProcess] Scheduler: Sending due task agent-5m (signal_engine.scheduler.run_agent_5m)
[2026-06-23 14:59:56,226: INFO/MainProcess] Scheduler: Sending due task agent-1m (signal_engine.scheduler.run_agent_1m)
[2026-06-23 14:59:56,651: INFO/MainProcess] Scheduler: Sending due task agent-15s (signal_engine.scheduler.run_agent_15s)
[2026-06-23 15:00:11,652: INFO/MainProcess] Scheduler: Sending due task agent-15s (signal_engine.scheduler.run_agent_15s)
[2026-06-23 15:00:26,653: INFO/MainProcess] Scheduler: Sending due task agent-15s (signal_engine.scheduler.run_agent_15s)
[2026-06-23 15:00:41,653: INFO/MainProcess] Scheduler: Sending due task agent-15s (signal_engine.scheduler.run_agent_15s)
[2026-06-23 15:00:56,227: INFO/MainProcess] Scheduler: Sending due task agent-1m (signal_engine.scheduler.run_agent_1m)
[2026-06-23 15:00:56,287: INFO/MainProcess] Scheduler: Sending due task agent-3m (signal_engine.scheduler.run_agent_3m)
[2026-06-23 15:00:56,653: INFO/MainProcess] Scheduler: Sending due task agent-15s (signal_engine.scheduler.run_agent_15s)
[2026-06-23 15:01:11,654: INFO/MainProcess] Scheduler: Sending due task agent-15s (signal_engine.scheduler.run_agent_15s)
[2026-06-23 15:01:26,655: INFO/MainProcess] Scheduler: Sending due task agent-15s (signal_engine.scheduler.run_agent_15s)
[2026-06-23 15:01:41,656: INFO/MainProcess] Scheduler: Sending due task agent-15s (signal_engine.scheduler.run_agent_15s)
[2026-06-23 15:01:56,228: INFO/MainProcess] Scheduler: Sending due task agent-1m (signal_engine.scheduler.run_agent_1m)
[2026-06-23 15:01:56,656: INFO/MainProcess] Scheduler: Sending due task agent-15s (signal_engine.scheduler.run_agent_15s)
[2026-06-23 15:02:11,656: INFO/MainProcess] Scheduler: Sending due task agent-15s (signal_engine.scheduler.run_agent_15s)
[2026-06-23 15:02:26,656: INFO/MainProcess] Scheduler: Sending due task agent-15s (signal_engine.scheduler.run_agent_15s)
[2026-06-23 15:02:41,657: INFO/MainProcess] Scheduler: Sending due task agent-15s (signal_engine.scheduler.run_agent_15s)
[2026-06-23 15:02:56,228: INFO/MainProcess] Scheduler: Sending due task agent-1m (signal_engine.scheduler.run_agent_1m)
[2026-06-23 15:02:56,658: INFO/MainProcess] Scheduler: Sending due task agent-15s (signal_engine.scheduler.run_agent_15s)
[2026-06-23 15:03:11,658: INFO/MainProcess] Scheduler: Sending due task agent-15s (signal_engine.scheduler.run_agent_15s)
[2026-06-23 15:03:26,659: INFO/MainProcess] Scheduler: Sending due task agent-15s (signal_engine.scheduler.run_agent_15s)
[2026-06-23 15:03:41,659: INFO/MainProcess] Scheduler: Sending due task agent-15s (signal_engine.scheduler.run_agent_15s)
[2026-06-23 15:03:56,228: INFO/MainProcess] Scheduler: Sending due task agent-1m (signal_engine.scheduler.run_agent_1m)
[2026-06-23 15:03:56,287: INFO/MainProcess] Scheduler: Sending due task agent-3m (signal_engine.scheduler.run_agent_3m)
[2026-06-23 15:03:56,660: INFO/MainProcess] Scheduler: Sending due task agent-15s (signal_engine.scheduler.run_agent_15s)
[2026-06-23 15:04:11,660: INFO/MainProcess] Scheduler: Sending due task agent-15s (signal_engine.scheduler.run_agent_15s)
[2026-06-23 15:04:26,660: INFO/MainProcess] Scheduler: Sending due task agent-15s (signal_engine.scheduler.run_agent_15s)
[2026-06-23 15:04:41,661: INFO/MainProcess] Scheduler: Sending due task agent-15s (signal_engine.scheduler.run_agent_15s)
[2026-06-23 15:04:56,276: INFO/MainProcess] Scheduler: Sending due task agent-5m (signal_engine.scheduler.run_agent_5m)
[2026-06-23 15:04:56,279: INFO/MainProcess] Scheduler: Sending due task agent-1m (signal_engine.scheduler.run_agent_1m)
[2026-06-23 15:04:56,662: INFO/MainProcess] Scheduler: Sending due task agent-15s (signal_engine.scheduler.run_agent_15s)
[2026-06-23 15:05:11,663: INFO/MainProcess] Scheduler: Sending due task agent-15s (signal_engine.scheduler.run_agent_15s)
[2026-06-23 15:05:26,663: INFO/MainProcess] Scheduler: Sending due task agent-15s (signal_engine.scheduler.run_agent_15s)
[2026-06-23 15:05:41,663: INFO/MainProcess] Scheduler: Sending due task agent-15s (signal_engine.scheduler.run_agent_15s)
[2026-06-23 15:05:56,279: INFO/MainProcess] Scheduler: Sending due task agent-1m (signal_engine.scheduler.run_agent_1m)
[2026-06-23 15:05:56,663: INFO/MainProcess] Scheduler: Sending due task agent-15s (signal_engine.scheduler.run_agent_15s)
[2026-06-23 15:06:11,664: INFO/MainProcess] Scheduler: Sending due task agent-15s (signal_engine.scheduler.run_agent_15s)
[2026-06-23 15:06:26,664: INFO/MainProcess] Scheduler: Sending due task agent-15s (signal_engine.scheduler.run_agent_15s)
[2026-06-23 15:06:41,665: INFO/MainProcess] Scheduler: Sending due task agent-15s (signal_engine.scheduler.run_agent_15s)
[2026-06-23 15:06:56,279: INFO/MainProcess] Scheduler: Sending due task agent-1m (signal_engine.scheduler.run_agent_1m)
[2026-06-23 15:06:56,287: INFO/MainProcess] Scheduler: Sending due task agent-3m (signal_engine.scheduler.run_agent_3m)
[2026-06-23 15:06:56,665: INFO/MainProcess] Scheduler: Sending due task agent-15s (signal_engine.scheduler.run_agent_15s)
[2026-06-23 15:07:11,666: INFO/MainProcess] Scheduler: Sending due task agent-15s (signal_engine.scheduler.run_agent_15s)
[2026-06-23 15:07:26,666: INFO/MainProcess] Scheduler: Sending due task agent-15s (signal_engine.scheduler.run_agent_15s)
[2026-06-23 15:07:41,667: INFO/MainProcess] Scheduler: Sending due task agent-15s (signal_engine.scheduler.run_agent_15s)
[2026-06-23 15:07:56,280: INFO/MainProcess] Scheduler: Sending due task agent-1m (signal_engine.scheduler.run_agent_1m)
[2026-06-23 15:07:56,667: INFO/MainProcess] Scheduler: Sending due task agent-15s (signal_engine.scheduler.run_agent_15s)
[2026-06-23 15:08:11,668: INFO/MainProcess] Scheduler: Sending due task agent-15s (signal_engine.scheduler.run_agent_15s)
[2026-06-23 15:08:26,669: INFO/MainProcess] Scheduler: Sending due task agent-15s (signal_engine.scheduler.run_agent_15s)
[2026-06-23 15:08:41,669: INFO/MainProcess] Scheduler: Sending due task agent-15s (signal_engine.scheduler.run_agent_15s)
[2026-06-23 15:08:56,281: INFO/MainProcess] Scheduler: Sending due task agent-1m (signal_engine.scheduler.run_agent_1m)
[2026-06-23 15:08:56,669: INFO/MainProcess] Scheduler: Sending due task agent-15s (signal_engine.scheduler.run_agent_15s)
[2026-06-23 15:09:11,669: INFO/MainProcess] Scheduler: Sending due task agent-15s (signal_engine.scheduler.run_agent_15s)
[2026-06-23 15:09:26,670: INFO/MainProcess] Scheduler: Sending due task agent-15s (signal_engine.scheduler.run_agent_15s)
[2026-06-23 15:09:41,670: INFO/MainProcess] Scheduler: Sending due task agent-15s (signal_engine.scheduler.run_agent_15s)
[2026-06-23 15:09:56,131: INFO/MainProcess] Scheduler: Sending due task agent-15m (signal_engine.scheduler.run_agent_15m)
[2026-06-23 15:09:56,276: INFO/MainProcess] Scheduler: Sending due task agent-5m (signal_engine.scheduler.run_agent_5m)
[2026-06-23 15:09:56,288: INFO/MainProcess] Scheduler: Sending due task agent-1m (signal_engine.scheduler.run_agent_1m)
[2026-06-23 15:09:56,289: INFO/MainProcess] Scheduler: Sending due task agent-3m (signal_engine.scheduler.run_agent_3m)
[2026-06-23 15:09:56,670: INFO/MainProcess] Scheduler: Sending due task agent-15s (signal_engine.scheduler.run_agent_15s)
[2026-06-23 15:10:11,671: INFO/MainProcess] Scheduler: Sending due task agent-15s (signal_engine.scheduler.run_agent_15s)
[2026-06-23 15:10:26,671: INFO/MainProcess] Scheduler: Sending due task agent-15s (signal_engine.scheduler.run_agent_15s)
[2026-06-23 15:10:41,672: INFO/MainProcess] Scheduler: Sending due task agent-15s (signal_engine.scheduler.run_agent_15s)
[2026-06-23 15:10:56,288: INFO/MainProcess] Scheduler: Sending due task agent-1m (signal_engine.scheduler.run_agent_1m)
[2026-06-23 15:10:56,829: INFO/MainProcess] Scheduler: Sending due task agent-15s (signal_engine.scheduler.run_agent_15s)
[2026-06-23 15:11:11,830: INFO/MainProcess] Scheduler: Sending due task agent-15s (signal_engine.scheduler.run_agent_15s)
[2026-06-23 15:11:26,830: INFO/MainProcess] Scheduler: Sending due task agent-15s (signal_engine.scheduler.run_agent_15s)
[2026-06-23 15:11:41,830: INFO/MainProcess] Scheduler: Sending due task agent-15s (signal_engine.scheduler.run_agent_15s)
[2026-06-23 15:11:56,289: INFO/MainProcess] Scheduler: Sending due task agent-1m (signal_engine.scheduler.run_agent_1m)
[2026-06-23 15:11:56,831: INFO/MainProcess] Scheduler: Sending due task agent-15s (signal_engine.scheduler.run_agent_15s)
[2026-06-23 15:12:11,831: INFO/MainProcess] Scheduler: Sending due task agent-15s (signal_engine.scheduler.run_agent_15s)
[2026-06-23 15:12:26,832: INFO/MainProcess] Scheduler: Sending due task agent-15s (signal_engine.scheduler.run_agent_15s)
[2026-06-23 15:12:41,833: INFO/MainProcess] Scheduler: Sending due task agent-15s (signal_engine.scheduler.run_agent_15s)
[2026-06-23 15:12:56,289: INFO/MainProcess] Scheduler: Sending due task agent-1m (signal_engine.scheduler.run_agent_1m)
[2026-06-23 15:12:56,291: INFO/MainProcess] Scheduler: Sending due task agent-3m (signal_engine.scheduler.run_agent_3m)
[2026-06-23 15:12:56,833: INFO/MainProcess] Scheduler: Sending due task agent-15s (signal_engine.scheduler.run_agent_15s)
[2026-06-23 15:13:11,834: INFO/MainProcess] Scheduler: Sending due task agent-15s (signal_engine.scheduler.run_agent_15s)
[2026-06-23 15:13:26,834: INFO/MainProcess] Scheduler: Sending due task agent-15s (signal_engine.scheduler.run_agent_15s)
[2026-06-23 15:13:41,834: INFO/MainProcess] Scheduler: Sending due task agent-15s (signal_engine.scheduler.run_agent_15s)
[2026-06-23 15:13:56,290: INFO/MainProcess] Scheduler: Sending due task agent-1m (signal_engine.scheduler.run_agent_1m)
[2026-06-23 15:13:56,834: INFO/MainProcess] Scheduler: Sending due task agent-15s (signal_engine.scheduler.run_agent_15s)
[2026-06-23 15:14:12,042: INFO/MainProcess] Scheduler: Sending due task agent-15s (signal_engine.scheduler.run_agent_15s)
[2026-06-23 15:14:27,043: INFO/MainProcess] Scheduler: Sending due task agent-15s (signal_engine.scheduler.run_agent_15s)
[2026-06-23 15:14:42,043: INFO/MainProcess] Scheduler: Sending due task agent-15s (signal_engine.scheduler.run_agent_15s)
[2026-06-23 15:14:56,277: INFO/MainProcess] Scheduler: Sending due task agent-5m (signal_engine.scheduler.run_agent_5m)
[2026-06-23 15:14:56,386: INFO/MainProcess] Scheduler: Sending due task agent-1m (signal_engine.scheduler.run_agent_1m)
[2026-06-23 15:14:57,043: INFO/MainProcess] Scheduler: Sending due task agent-15s (signal_engine.scheduler.run_agent_15s)
[2026-06-23 15:15:12,043: INFO/MainProcess] Scheduler: Sending due task agent-15s (signal_engine.scheduler.run_agent_15s)
[2026-06-23 15:15:27,043: INFO/MainProcess] Scheduler: Sending due task agent-15s (signal_engine.scheduler.run_agent_15s)
[2026-06-23 15:15:42,044: INFO/MainProcess] Scheduler: Sending due task agent-15s (signal_engine.scheduler.run_agent_15s)
[2026-06-23 15:15:56,292: INFO/MainProcess] Scheduler: Sending due task agent-3m (signal_engine.scheduler.run_agent_3m)
[2026-06-23 15:15:56,387: INFO/MainProcess] Scheduler: Sending due task agent-1m (signal_engine.scheduler.run_agent_1m)
[2026-06-23 15:15:57,044: INFO/MainProcess] Scheduler: Sending due task agent-15s (signal_engine.scheduler.run_agent_15s)
[2026-06-23 15:16:12,045: INFO/MainProcess] Scheduler: Sending due task agent-15s (signal_engine.scheduler.run_agent_15s)
[2026-06-23 15:16:27,045: INFO/MainProcess] Scheduler: Sending due task agent-15s (signal_engine.scheduler.run_agent_15s)
[2026-06-23 15:16:42,046: INFO/MainProcess] Scheduler: Sending due task agent-15s (signal_engine.scheduler.run_agent_15s)
[2026-06-23 15:16:56,388: INFO/MainProcess] Scheduler: Sending due task agent-1m (signal_engine.scheduler.run_agent_1m)
[2026-06-23 15:16:57,046: INFO/MainProcess] Scheduler: Sending due task agent-15s (signal_engine.scheduler.run_agent_15s)
[2026-06-23 15:17:12,046: INFO/MainProcess] Scheduler: Sending due task agent-15s (signal_engine.scheduler.run_agent_15s)
[2026-06-23 15:17:27,047: INFO/MainProcess] Scheduler: Sending due task agent-15s (signal_engine.scheduler.run_agent_15s)
[2026-06-23 15:17:42,047: INFO/MainProcess] Scheduler: Sending due task agent-15s (signal_engine.scheduler.run_agent_15s)
[2026-06-23 15:17:56,388: INFO/MainProcess] Scheduler: Sending due task agent-1m (signal_engine.scheduler.run_agent_1m)
[2026-06-23 15:17:57,048: INFO/MainProcess] Scheduler: Sending due task agent-15s (signal_engine.scheduler.run_agent_15s)
[2026-06-23 15:18:12,048: INFO/MainProcess] Scheduler: Sending due task agent-15s (signal_engine.scheduler.run_agent_15s)
[2026-06-23 15:18:27,049: INFO/MainProcess] Scheduler: Sending due task agent-15s (signal_engine.scheduler.run_agent_15s)
[2026-06-23 15:18:42,050: INFO/MainProcess] Scheduler: Sending due task agent-15s (signal_engine.scheduler.run_agent_15s)
[2026-06-23 15:18:56,292: INFO/MainProcess] Scheduler: Sending due task agent-3m (signal_engine.scheduler.run_agent_3m)
[2026-06-23 15:18:56,388: INFO/MainProcess] Scheduler: Sending due task agent-1m (signal_engine.scheduler.run_agent_1m)
[2026-06-23 15:18:57,050: INFO/MainProcess] Scheduler: Sending due task agent-15s (signal_engine.scheduler.run_agent_15s)
[2026-06-23 15:19:12,051: INFO/MainProcess] Scheduler: Sending due task agent-15s (signal_engine.scheduler.run_agent_15s)
[2026-06-23 15:19:27,051: INFO/MainProcess] Scheduler: Sending due task agent-15s (signal_engine.scheduler.run_agent_15s)
[2026-06-23 15:19:42,052: INFO/MainProcess] Scheduler: Sending due task agent-15s (signal_engine.scheduler.run_agent_15s)
[2026-06-23 15:19:56,277: INFO/MainProcess] Scheduler: Sending due task agent-5m (signal_engine.scheduler.run_agent_5m)
[2026-06-23 15:19:56,389: INFO/MainProcess] Scheduler: Sending due task agent-1m (signal_engine.scheduler.run_agent_1m)
[2026-06-23 15:19:57,052: INFO/MainProcess] Scheduler: Sending due task agent-15s (signal_engine.scheduler.run_agent_15s)
[2026-06-23 15:20:12,052: INFO/MainProcess] Scheduler: Sending due task agent-15s (signal_engine.scheduler.run_agent_15s)
[2026-06-23 15:20:27,171: INFO/MainProcess] Scheduler: Sending due task agent-15s (signal_engine.scheduler.run_agent_15s)
[2026-06-23 15:20:42,171: INFO/MainProcess] Scheduler: Sending due task agent-15s (signal_engine.scheduler.run_agent_15s)
[2026-06-23 15:20:56,389: INFO/MainProcess] Scheduler: Sending due task agent-1m (signal_engine.scheduler.run_agent_1m)
[2026-06-23 15:20:57,172: INFO/MainProcess] Scheduler: Sending due task agent-15s (signal_engine.scheduler.run_agent_15s)
[2026-06-23 15:21:12,172: INFO/MainProcess] Scheduler: Sending due task agent-15s (signal_engine.scheduler.run_agent_15s)
[2026-06-23 15:21:27,173: INFO/MainProcess] Scheduler: Sending due task agent-15s (signal_engine.scheduler.run_agent_15s)
[2026-06-23 15:21:42,174: INFO/MainProcess] Scheduler: Sending due task agent-15s (signal_engine.scheduler.run_agent_15s)
[2026-06-23 15:21:56,292: INFO/MainProcess] Scheduler: Sending due task agent-3m (signal_engine.scheduler.run_agent_3m)
[2026-06-23 15:21:56,403: INFO/MainProcess] Scheduler: Sending due task agent-1m (signal_engine.scheduler.run_agent_1m)
[2026-06-23 15:21:57,174: INFO/MainProcess] Scheduler: Sending due task agent-15s (signal_engine.scheduler.run_agent_15s)
[2026-06-23 15:22:12,175: INFO/MainProcess] Scheduler: Sending due task agent-15s (signal_engine.scheduler.run_agent_15s)
[2026-06-23 15:22:27,176: INFO/MainProcess] Scheduler: Sending due task agent-15s (signal_engine.scheduler.run_agent_15s)
[2026-06-23 15:22:42,177: INFO/MainProcess] Scheduler: Sending due task agent-15s (signal_engine.scheduler.run_agent_15s)
[2026-06-23 15:22:56,403: INFO/MainProcess] Scheduler: Sending due task agent-1m (signal_engine.scheduler.run_agent_1m)
[2026-06-23 15:22:57,177: INFO/MainProcess] Scheduler: Sending due task agent-15s (signal_engine.scheduler.run_agent_15s)
[2026-06-23 15:23:12,177: INFO/MainProcess] Scheduler: Sending due task agent-15s (signal_engine.scheduler.run_agent_15s)
[2026-06-23 15:23:27,177: INFO/MainProcess] Scheduler: Sending due task agent-15s (signal_engine.scheduler.run_agent_15s)
[2026-06-23 15:23:42,178: INFO/MainProcess] Scheduler: Sending due task agent-15s (signal_engine.scheduler.run_agent_15s)
[2026-06-23 15:23:56,403: INFO/MainProcess] Scheduler: Sending due task agent-1m (signal_engine.scheduler.run_agent_1m)
[2026-06-23 15:23:57,179: INFO/MainProcess] Scheduler: Sending due task agent-15s (signal_engine.scheduler.run_agent_15s)
[2026-06-23 15:24:12,179: INFO/MainProcess] Scheduler: Sending due task agent-15s (signal_engine.scheduler.run_agent_15s)
[2026-06-23 15:24:27,180: INFO/MainProcess] Scheduler: Sending due task agent-15s (signal_engine.scheduler.run_agent_15s)
[2026-06-23 15:24:42,181: INFO/MainProcess] Scheduler: Sending due task agent-15s (signal_engine.scheduler.run_agent_15s)
[2026-06-23 15:24:56,132: INFO/MainProcess] Scheduler: Sending due task agent-15m (signal_engine.scheduler.run_agent_15m)
[2026-06-23 15:24:56,278: INFO/MainProcess] Scheduler: Sending due task agent-5m (signal_engine.scheduler.run_agent_5m)
[2026-06-23 15:24:56,293: INFO/MainProcess] Scheduler: Sending due task agent-3m (signal_engine.scheduler.run_agent_3m)
[2026-06-23 15:24:56,404: INFO/MainProcess] Scheduler: Sending due task agent-1m (signal_engine.scheduler.run_agent_1m)
[2026-06-23 15:24:57,181: INFO/MainProcess] Scheduler: Sending due task agent-15s (signal_engine.scheduler.run_agent_15s)
[2026-06-23 15:25:12,182: INFO/MainProcess] Scheduler: Sending due task agent-15s (signal_engine.scheduler.run_agent_15s)
[2026-06-23 15:25:27,182: INFO/MainProcess] Scheduler: Sending due task agent-15s (signal_engine.scheduler.run_agent_15s)
[2026-06-23 15:25:42,182: INFO/MainProcess] Scheduler: Sending due task agent-15s (signal_engine.scheduler.run_agent_15s)
[2026-06-23 15:25:56,405: INFO/MainProcess] Scheduler: Sending due task agent-1m (signal_engine.scheduler.run_agent_1m)
[2026-06-23 15:25:57,183: INFO/MainProcess] Scheduler: Sending due task agent-15s (signal_engine.scheduler.run_agent_15s)
[2026-06-23 15:26:12,184: INFO/MainProcess] Scheduler: Sending due task agent-15s (signal_engine.scheduler.run_agent_15s)
[2026-06-23 15:26:27,185: INFO/MainProcess] Scheduler: Sending due task agent-15s (signal_engine.scheduler.run_agent_15s)
[2026-06-23 15:26:42,292: INFO/MainProcess] Scheduler: Sending due task agent-15s (signal_engine.scheduler.run_agent_15s)
[2026-06-23 15:26:56,405: INFO/MainProcess] Scheduler: Sending due task agent-1m (signal_engine.scheduler.run_agent_1m)
[2026-06-23 15:26:57,293: INFO/MainProcess] Scheduler: Sending due task agent-15s (signal_engine.scheduler.run_agent_15s)
[2026-06-23 15:27:12,293: INFO/MainProcess] Scheduler: Sending due task agent-15s (signal_engine.scheduler.run_agent_15s)
[2026-06-23 15:27:27,294: INFO/MainProcess] Scheduler: Sending due task agent-15s (signal_engine.scheduler.run_agent_15s)
[2026-06-23 15:27:42,294: INFO/MainProcess] Scheduler: Sending due task agent-15s (signal_engine.scheduler.run_agent_15s)
[2026-06-23 15:27:56,294: INFO/MainProcess] Scheduler: Sending due task agent-3m (signal_engine.scheduler.run_agent_3m)
[2026-06-23 15:27:56,406: INFO/MainProcess] Scheduler: Sending due task agent-1m (signal_engine.scheduler.run_agent_1m)
[2026-06-23 15:27:57,294: INFO/MainProcess] Scheduler: Sending due task agent-15s (signal_engine.scheduler.run_agent_15s)
[2026-06-23 15:28:12,295: INFO/MainProcess] Scheduler: Sending due task agent-15s (signal_engine.scheduler.run_agent_15s)
[2026-06-23 15:28:27,296: INFO/MainProcess] Scheduler: Sending due task agent-15s (signal_engine.scheduler.run_agent_15s)
[2026-06-23 15:28:42,296: INFO/MainProcess] Scheduler: Sending due task agent-15s (signal_engine.scheduler.run_agent_15s)
[2026-06-23 15:28:56,406: INFO/MainProcess] Scheduler: Sending due task agent-1m (signal_engine.scheduler.run_agent_1m)
[2026-06-23 15:28:57,297: INFO/MainProcess] Scheduler: Sending due task agent-15s (signal_engine.scheduler.run_agent_15s)
[2026-06-23 15:29:12,297: INFO/MainProcess] Scheduler: Sending due task agent-15s (signal_engine.scheduler.run_agent_15s)
[2026-06-23 15:29:27,298: INFO/MainProcess] Scheduler: Sending due task agent-15s (signal_engine.scheduler.run_agent_15s)
[2026-06-23 15:29:42,298: INFO/MainProcess] Scheduler: Sending due task agent-15s (signal_engine.scheduler.run_agent_15s)
[2026-06-23 15:29:56,278: INFO/MainProcess] Scheduler: Sending due task agent-5m (signal_engine.scheduler.run_agent_5m)
[2026-06-23 15:29:56,406: INFO/MainProcess] Scheduler: Sending due task agent-1m (signal_engine.scheduler.run_agent_1m)
[2026-06-23 15:29:57,298: INFO/MainProcess] Scheduler: Sending due task agent-15s (signal_engine.scheduler.run_agent_15s)
[2026-06-23 15:30:12,299: INFO/MainProcess] Scheduler: Sending due task agent-15s (signal_engine.scheduler.run_agent_15s)
[2026-06-23 15:30:27,300: INFO/MainProcess] Scheduler: Sending due task agent-15s (signal_engine.scheduler.run_agent_15s)
[2026-06-23 15:30:42,301: INFO/MainProcess] Scheduler: Sending due task agent-15s (signal_engine.scheduler.run_agent_15s)
[2026-06-23 15:30:56,294: INFO/MainProcess] Scheduler: Sending due task agent-3m (signal_engine.scheduler.run_agent_3m)
[2026-06-23 15:30:56,407: INFO/MainProcess] Scheduler: Sending due task agent-1m (signal_engine.scheduler.run_agent_1m)
[2026-06-23 15:30:57,301: INFO/MainProcess] Scheduler: Sending due task agent-15s (signal_engine.scheduler.run_agent_15s)
[2026-06-23 15:31:12,302: INFO/MainProcess] Scheduler: Sending due task agent-15s (signal_engine.scheduler.run_agent_15s)
[2026-06-23 15:31:27,303: INFO/MainProcess] Scheduler: Sending due task agent-15s (signal_engine.scheduler.run_agent_15s)
[2026-06-23 15:31:42,303: INFO/MainProcess] Scheduler: Sending due task agent-15s (signal_engine.scheduler.run_agent_15s)
[2026-06-23 15:31:56,407: INFO/MainProcess] Scheduler: Sending due task agent-1m (signal_engine.scheduler.run_agent_1m)
[2026-06-23 15:31:57,304: INFO/MainProcess] Scheduler: Sending due task agent-15s (signal_engine.scheduler.run_agent_15s)
[2026-06-23 15:32:12,304: INFO/MainProcess] Scheduler: Sending due task agent-15s (signal_engine.scheduler.run_agent_15s)
[2026-06-23 15:32:27,305: INFO/MainProcess] Scheduler: Sending due task agent-15s (signal_engine.scheduler.run_agent_15s)
[2026-06-23 15:32:42,305: INFO/MainProcess] Scheduler: Sending due task agent-15s (signal_engine.scheduler.run_agent_15s)
[2026-06-23 15:32:56,529: INFO/MainProcess] Scheduler: Sending due task agent-1m (signal_engine.scheduler.run_agent_1m)
[2026-06-23 15:32:57,306: INFO/MainProcess] Scheduler: Sending due task agent-15s (signal_engine.scheduler.run_agent_15s)
[2026-06-23 15:33:12,306: INFO/MainProcess] Scheduler: Sending due task agent-15s (signal_engine.scheduler.run_agent_15s)
[2026-06-23 15:33:27,307: INFO/MainProcess] Scheduler: Sending due task agent-15s (signal_engine.scheduler.run_agent_15s)
[2026-06-23 15:33:42,308: INFO/MainProcess] Scheduler: Sending due task agent-15s (signal_engine.scheduler.run_agent_15s)
[2026-06-23 15:33:56,295: INFO/MainProcess] Scheduler: Sending due task agent-3m (signal_engine.scheduler.run_agent_3m)
[2026-06-23 15:33:56,530: INFO/MainProcess] Scheduler: Sending due task agent-1m (signal_engine.scheduler.run_agent_1m)
[2026-06-23 15:33:57,309: INFO/MainProcess] Scheduler: Sending due task agent-15s (signal_engine.scheduler.run_agent_15s)
[2026-06-23 15:34:12,309: INFO/MainProcess] Scheduler: Sending due task agent-15s (signal_engine.scheduler.run_agent_15s)
[2026-06-23 15:34:27,309: INFO/MainProcess] Scheduler: Sending due task agent-15s (signal_engine.scheduler.run_agent_15s)
[2026-06-23 15:34:42,310: INFO/MainProcess] Scheduler: Sending due task agent-15s (signal_engine.scheduler.run_agent_15s)
[2026-06-23 15:34:56,278: INFO/MainProcess] Scheduler: Sending due task agent-5m (signal_engine.scheduler.run_agent_5m)
[2026-06-23 15:34:56,530: INFO/MainProcess] Scheduler: Sending due task agent-1m (signal_engine.scheduler.run_agent_1m)
[2026-06-23 15:34:57,310: INFO/MainProcess] Scheduler: Sending due task agent-15s (signal_engine.scheduler.run_agent_15s)
[2026-06-23 15:35:12,311: INFO/MainProcess] Scheduler: Sending due task agent-15s (signal_engine.scheduler.run_agent_15s)
[2026-06-23 15:35:27,311: INFO/MainProcess] Scheduler: Sending due task agent-15s (signal_engine.scheduler.run_agent_15s)
[2026-06-23 15:35:42,312: INFO/MainProcess] Scheduler: Sending due task agent-15s (signal_engine.scheduler.run_agent_15s)
[2026-06-23 15:35:56,531: INFO/MainProcess] Scheduler: Sending due task agent-1m (signal_engine.scheduler.run_agent_1m)
[2026-06-23 15:35:57,313: INFO/MainProcess] Scheduler: Sending due task agent-15s (signal_engine.scheduler.run_agent_15s)
[2026-06-23 15:36:12,313: INFO/MainProcess] Scheduler: Sending due task agent-15s (signal_engine.scheduler.run_agent_15s)
[2026-06-23 15:36:27,313: INFO/MainProcess] Scheduler: Sending due task agent-15s (signal_engine.scheduler.run_agent_15s)
[2026-06-23 15:36:42,313: INFO/MainProcess] Scheduler: Sending due task agent-15s (signal_engine.scheduler.run_agent_15s)
[2026-06-23 15:36:56,295: INFO/MainProcess] Scheduler: Sending due task agent-3m (signal_engine.scheduler.run_agent_3m)
[2026-06-23 15:36:56,532: INFO/MainProcess] Scheduler: Sending due task agent-1m (signal_engine.scheduler.run_agent_1m)
[2026-06-23 15:36:57,314: INFO/MainProcess] Scheduler: Sending due task agent-15s (signal_engine.scheduler.run_agent_15s)
[2026-06-23 15:37:12,314: INFO/MainProcess] Scheduler: Sending due task agent-15s (signal_engine.scheduler.run_agent_15s)
[2026-06-23 15:37:27,315: INFO/MainProcess] Scheduler: Sending due task agent-15s (signal_engine.scheduler.run_agent_15s)
[2026-06-23 15:37:42,315: INFO/MainProcess] Scheduler: Sending due task agent-15s (signal_engine.scheduler.run_agent_15s)
[2026-06-23 15:37:56,533: INFO/MainProcess] Scheduler: Sending due task agent-1m (signal_engine.scheduler.run_agent_1m)
[2026-06-23 15:37:57,315: INFO/MainProcess] Scheduler: Sending due task agent-15s (signal_engine.scheduler.run_agent_15s)
[2026-06-23 15:38:12,316: INFO/MainProcess] Scheduler: Sending due task agent-15s (signal_engine.scheduler.run_agent_15s)
[2026-06-23 15:38:27,317: INFO/MainProcess] Scheduler: Sending due task agent-15s (signal_engine.scheduler.run_agent_15s)
[2026-06-23 15:38:42,317: INFO/MainProcess] Scheduler: Sending due task agent-15s (signal_engine.scheduler.run_agent_15s)
[2026-06-23 15:38:56,533: INFO/MainProcess] Scheduler: Sending due task agent-1m (signal_engine.scheduler.run_agent_1m)
[2026-06-23 15:38:57,476: INFO/MainProcess] Scheduler: Sending due task agent-15s (signal_engine.scheduler.run_agent_15s)
[2026-06-23 15:39:12,477: INFO/MainProcess] Scheduler: Sending due task agent-15s (signal_engine.scheduler.run_agent_15s)
[2026-06-23 15:39:27,477: INFO/MainProcess] Scheduler: Sending due task agent-15s (signal_engine.scheduler.run_agent_15s)
[2026-06-23 15:39:42,477: INFO/MainProcess] Scheduler: Sending due task agent-15s (signal_engine.scheduler.run_agent_15s)
[2026-06-23 15:39:56,133: INFO/MainProcess] Scheduler: Sending due task agent-15m (signal_engine.scheduler.run_agent_15m)
[2026-06-23 15:39:56,279: INFO/MainProcess] Scheduler: Sending due task agent-5m (signal_engine.scheduler.run_agent_5m)
[2026-06-23 15:39:56,296: INFO/MainProcess] Scheduler: Sending due task agent-3m (signal_engine.scheduler.run_agent_3m)
[2026-06-23 15:39:56,533: INFO/MainProcess] Scheduler: Sending due task agent-1m (signal_engine.scheduler.run_agent_1m)
[2026-06-23 15:39:57,478: INFO/MainProcess] Scheduler: Sending due task agent-15s (signal_engine.scheduler.run_agent_15s)
[2026-06-23 15:40:12,478: INFO/MainProcess] Scheduler: Sending due task agent-15s (signal_engine.scheduler.run_agent_15s)
[2026-06-23 15:40:27,478: INFO/MainProcess] Scheduler: Sending due task agent-15s (signal_engine.scheduler.run_agent_15s)
[2026-06-23 15:40:42,479: INFO/MainProcess] Scheduler: Sending due task agent-15s (signal_engine.scheduler.run_agent_15s)
[2026-06-23 15:40:56,534: INFO/MainProcess] Scheduler: Sending due task agent-1m (signal_engine.scheduler.run_agent_1m)
[2026-06-23 15:40:57,479: INFO/MainProcess] Scheduler: Sending due task agent-15s (signal_engine.scheduler.run_agent_15s)
[2026-06-23 15:41:12,480: INFO/MainProcess] Scheduler: Sending due task agent-15s (signal_engine.scheduler.run_agent_15s)
[2026-06-23 15:41:27,481: INFO/MainProcess] Scheduler: Sending due task agent-15s (signal_engine.scheduler.run_agent_15s)
[2026-06-23 15:41:42,481: INFO/MainProcess] Scheduler: Sending due task agent-15s (signal_engine.scheduler.run_agent_15s)
[2026-06-23 15:41:56,535: INFO/MainProcess] Scheduler: Sending due task agent-1m (signal_engine.scheduler.run_agent_1m)
[2026-06-23 15:41:57,482: INFO/MainProcess] Scheduler: Sending due task agent-15s (signal_engine.scheduler.run_agent_15s)
[2026-06-23 15:42:12,483: INFO/MainProcess] Scheduler: Sending due task agent-15s (signal_engine.scheduler.run_agent_15s)
[2026-06-23 15:42:27,483: INFO/MainProcess] Scheduler: Sending due task agent-15s (signal_engine.scheduler.run_agent_15s)
[2026-06-23 15:42:42,483: INFO/MainProcess] Scheduler: Sending due task agent-15s (signal_engine.scheduler.run_agent_15s)
[2026-06-23 15:42:56,296: INFO/MainProcess] Scheduler: Sending due task agent-3m (signal_engine.scheduler.run_agent_3m)
[2026-06-23 15:42:56,535: INFO/MainProcess] Scheduler: Sending due task agent-1m (signal_engine.scheduler.run_agent_1m)
[2026-06-23 15:42:57,484: INFO/MainProcess] Scheduler: Sending due task agent-15s (signal_engine.scheduler.run_agent_15s)
[2026-06-23 15:43:12,484: INFO/MainProcess] Scheduler: Sending due task agent-15s (signal_engine.scheduler.run_agent_15s)
[2026-06-23 15:43:27,485: INFO/MainProcess] Scheduler: Sending due task agent-15s (signal_engine.scheduler.run_agent_15s)
[2026-06-23 15:43:42,485: INFO/MainProcess] Scheduler: Sending due task agent-15s (signal_engine.scheduler.run_agent_15s)
[2026-06-23 15:43:56,535: INFO/MainProcess] Scheduler: Sending due task agent-1m (signal_engine.scheduler.run_agent_1m)
[2026-06-23 15:43:57,485: INFO/MainProcess] Scheduler: Sending due task agent-15s (signal_engine.scheduler.run_agent_15s)
[2026-06-23 15:44:12,486: INFO/MainProcess] Scheduler: Sending due task agent-15s (signal_engine.scheduler.run_agent_15s)
[2026-06-23 15:44:27,486: INFO/MainProcess] Scheduler: Sending due task agent-15s (signal_engine.scheduler.run_agent_15s)
[2026-06-23 15:44:42,487: INFO/MainProcess] Scheduler: Sending due task agent-15s (signal_engine.scheduler.run_agent_15s)
[2026-06-23 15:44:56,280: INFO/MainProcess] Scheduler: Sending due task agent-5m (signal_engine.scheduler.run_agent_5m)
[2026-06-23 15:44:56,536: INFO/MainProcess] Scheduler: Sending due task agent-1m (signal_engine.scheduler.run_agent_1m)
[2026-06-23 15:44:57,488: INFO/MainProcess] Scheduler: Sending due task agent-15s (signal_engine.scheduler.run_agent_15s)
[2026-06-23 15:45:12,621: INFO/MainProcess] Scheduler: Sending due task agent-15s (signal_engine.scheduler.run_agent_15s)
[2026-06-23 15:45:27,622: INFO/MainProcess] Scheduler: Sending due task agent-15s (signal_engine.scheduler.run_agent_15s)
[2026-06-23 15:45:42,622: INFO/MainProcess] Scheduler: Sending due task agent-15s (signal_engine.scheduler.run_agent_15s)
[2026-06-23 15:45:56,297: INFO/MainProcess] Scheduler: Sending due task agent-3m (signal_engine.scheduler.run_agent_3m)
[2026-06-23 15:45:56,537: INFO/MainProcess] Scheduler: Sending due task agent-1m (signal_engine.scheduler.run_agent_1m)
[2026-06-23 15:45:57,622: INFO/MainProcess] Scheduler: Sending due task agent-15s (signal_engine.scheduler.run_agent_15s)
[2026-06-23 15:46:12,622: INFO/MainProcess] Scheduler: Sending due task agent-15s (signal_engine.scheduler.run_agent_15s)
[2026-06-23 15:46:27,623: INFO/MainProcess] Scheduler: Sending due task agent-15s (signal_engine.scheduler.run_agent_15s)
[2026-06-23 15:46:42,623: INFO/MainProcess] Scheduler: Sending due task agent-15s (signal_engine.scheduler.run_agent_15s)
[2026-06-23 15:46:53,513: INFO/MainProcess] Scheduler: Sending due task agent-1h (signal_engine.scheduler.run_agent_1h)
[2026-06-23 15:46:56,537: INFO/MainProcess] Scheduler: Sending due task agent-1m (signal_engine.scheduler.run_agent_1m)
[2026-06-23 15:46:57,624: INFO/MainProcess] Scheduler: Sending due task agent-15s (signal_engine.scheduler.run_agent_15s)
[2026-06-23 15:47:12,624: INFO/MainProcess] Scheduler: Sending due task agent-15s (signal_engine.scheduler.run_agent_15s)
[2026-06-23 15:47:27,625: INFO/MainProcess] Scheduler: Sending due task agent-15s (signal_engine.scheduler.run_agent_15s)
[2026-06-23 15:47:42,626: INFO/MainProcess] Scheduler: Sending due task agent-15s (signal_engine.scheduler.run_agent_15s)
[2026-06-23 15:47:56,538: INFO/MainProcess] Scheduler: Sending due task agent-1m (signal_engine.scheduler.run_agent_1m)
[2026-06-23 15:47:57,626: INFO/MainProcess] Scheduler: Sending due task agent-15s (signal_engine.scheduler.run_agent_15s)
[2026-06-23 15:48:12,626: INFO/MainProcess] Scheduler: Sending due task agent-15s (signal_engine.scheduler.run_agent_15s)
[2026-06-23 15:48:27,627: INFO/MainProcess] Scheduler: Sending due task agent-15s (signal_engine.scheduler.run_agent_15s)
[2026-06-23 15:48:42,627: INFO/MainProcess] Scheduler: Sending due task agent-15s (signal_engine.scheduler.run_agent_15s)
[2026-06-23 15:48:56,297: INFO/MainProcess] Scheduler: Sending due task agent-3m (signal_engine.scheduler.run_agent_3m)
[2026-06-23 15:48:56,538: INFO/MainProcess] Scheduler: Sending due task agent-1m (signal_engine.scheduler.run_agent_1m)
[2026-06-23 15:48:57,627: INFO/MainProcess] Scheduler: Sending due task agent-15s (signal_engine.scheduler.run_agent_15s)
[2026-06-23 15:49:12,628: INFO/MainProcess] Scheduler: Sending due task agent-15s (signal_engine.scheduler.run_agent_15s)
[2026-06-23 15:49:27,629: INFO/MainProcess] Scheduler: Sending due task agent-15s (signal_engine.scheduler.run_agent_15s)
[2026-06-23 15:49:42,629: INFO/MainProcess] Scheduler: Sending due task agent-15s (signal_engine.scheduler.run_agent_15s)
[2026-06-23 15:49:56,280: INFO/MainProcess] Scheduler: Sending due task agent-5m (signal_engine.scheduler.run_agent_5m)
[2026-06-23 15:49:56,538: INFO/MainProcess] Scheduler: Sending due task agent-1m (signal_engine.scheduler.run_agent_1m)
[2026-06-23 15:49:57,630: INFO/MainProcess] Scheduler: Sending due task agent-15s (signal_engine.scheduler.run_agent_15s)
[2026-06-23 15:50:12,630: INFO/MainProcess] Scheduler: Sending due task agent-15s (signal_engine.scheduler.run_agent_15s)
[2026-06-23 15:50:27,631: INFO/MainProcess] Scheduler: Sending due task agent-15s (signal_engine.scheduler.run_agent_15s)
[2026-06-23 15:50:42,631: INFO/MainProcess] Scheduler: Sending due task agent-15s (signal_engine.scheduler.run_agent_15s)
[2026-06-23 15:50:56,538: INFO/MainProcess] Scheduler: Sending due task agent-1m (signal_engine.scheduler.run_agent_1m)
[2026-06-23 15:50:57,632: INFO/MainProcess] Scheduler: Sending due task agent-15s (signal_engine.scheduler.run_agent_15s)
[2026-06-23 15:51:12,633: INFO/MainProcess] Scheduler: Sending due task agent-15s (signal_engine.scheduler.run_agent_15s)
[2026-06-23 15:51:27,774: INFO/MainProcess] Scheduler: Sending due task agent-15s (signal_engine.scheduler.run_agent_15s)
[2026-06-23 15:51:42,774: INFO/MainProcess] Scheduler: Sending due task agent-15s (signal_engine.scheduler.run_agent_15s)
[2026-06-23 15:51:56,297: INFO/MainProcess] Scheduler: Sending due task agent-3m (signal_engine.scheduler.run_agent_3m)
[2026-06-23 15:51:56,539: INFO/MainProcess] Scheduler: Sending due task agent-1m (signal_engine.scheduler.run_agent_1m)
[2026-06-23 15:51:57,774: INFO/MainProcess] Scheduler: Sending due task agent-15s (signal_engine.scheduler.run_agent_15s)
[2026-06-23 15:52:12,775: INFO/MainProcess] Scheduler: Sending due task agent-15s (signal_engine.scheduler.run_agent_15s)
[2026-06-23 15:52:27,775: INFO/MainProcess] Scheduler: Sending due task agent-15s (signal_engine.scheduler.run_agent_15s)
[2026-06-23 15:52:42,776: INFO/MainProcess] Scheduler: Sending due task agent-15s (signal_engine.scheduler.run_agent_15s)
[2026-06-23 15:52:56,539: INFO/MainProcess] Scheduler: Sending due task agent-1m (signal_engine.scheduler.run_agent_1m)
[2026-06-23 15:52:57,776: INFO/MainProcess] Scheduler: Sending due task agent-15s (signal_engine.scheduler.run_agent_15s)
[2026-06-23 15:53:12,776: INFO/MainProcess] Scheduler: Sending due task agent-15s (signal_engine.scheduler.run_agent_15s)
[2026-06-23 15:53:27,777: INFO/MainProcess] Scheduler: Sending due task agent-15s (signal_engine.scheduler.run_agent_15s)
[2026-06-23 15:53:42,778: INFO/MainProcess] Scheduler: Sending due task agent-15s (signal_engine.scheduler.run_agent_15s)
[2026-06-23 15:53:56,540: INFO/MainProcess] Scheduler: Sending due task agent-1m (signal_engine.scheduler.run_agent_1m)
[2026-06-23 15:53:57,778: INFO/MainProcess] Scheduler: Sending due task agent-15s (signal_engine.scheduler.run_agent_15s)
[2026-06-23 15:54:12,778: INFO/MainProcess] Scheduler: Sending due task agent-15s (signal_engine.scheduler.run_agent_15s)
[2026-06-23 15:54:27,778: INFO/MainProcess] Scheduler: Sending due task agent-15s (signal_engine.scheduler.run_agent_15s)
[2026-06-23 15:54:42,779: INFO/MainProcess] Scheduler: Sending due task agent-15s (signal_engine.scheduler.run_agent_15s)
[2026-06-23 15:54:56,134: INFO/MainProcess] Scheduler: Sending due task agent-15m (signal_engine.scheduler.run_agent_15m)
[2026-06-23 15:54:56,281: INFO/MainProcess] Scheduler: Sending due task agent-5m (signal_engine.scheduler.run_agent_5m)
[2026-06-23 15:54:56,297: INFO/MainProcess] Scheduler: Sending due task agent-3m (signal_engine.scheduler.run_agent_3m)
[2026-06-23 15:54:56,540: INFO/MainProcess] Scheduler: Sending due task agent-1m (signal_engine.scheduler.run_agent_1m)
[2026-06-23 15:54:57,779: INFO/MainProcess] Scheduler: Sending due task agent-15s (signal_engine.scheduler.run_agent_15s)
[2026-06-23 15:55:12,780: INFO/MainProcess] Scheduler: Sending due task agent-15s (signal_engine.scheduler.run_agent_15s)
[2026-06-23 15:55:27,780: INFO/MainProcess] Scheduler: Sending due task agent-15s (signal_engine.scheduler.run_agent_15s)
[2026-06-23 15:55:42,780: INFO/MainProcess] Scheduler: Sending due task agent-15s (signal_engine.scheduler.run_agent_15s)
[2026-06-23 15:55:56,541: INFO/MainProcess] Scheduler: Sending due task agent-1m (signal_engine.scheduler.run_agent_1m)
[2026-06-23 15:55:57,781: INFO/MainProcess] Scheduler: Sending due task agent-15s (signal_engine.scheduler.run_agent_15s)
[2026-06-23 15:56:12,781: INFO/MainProcess] Scheduler: Sending due task agent-15s (signal_engine.scheduler.run_agent_15s)
[2026-06-23 15:56:27,782: INFO/MainProcess] Scheduler: Sending due task agent-15s (signal_engine.scheduler.run_agent_15s)
[2026-06-23 15:56:42,782: INFO/MainProcess] Scheduler: Sending due task agent-15s (signal_engine.scheduler.run_agent_15s)
[2026-06-23 15:56:56,542: INFO/MainProcess] Scheduler: Sending due task agent-1m (signal_engine.scheduler.run_agent_1m)
[2026-06-23 15:56:57,782: INFO/MainProcess] Scheduler: Sending due task agent-15s (signal_engine.scheduler.run_agent_15s)
[2026-06-23 15:57:12,782: INFO/MainProcess] Scheduler: Sending due task agent-15s (signal_engine.scheduler.run_agent_15s)
[2026-06-23 15:57:27,783: INFO/MainProcess] Scheduler: Sending due task agent-15s (signal_engine.scheduler.run_agent_15s)
[2026-06-23 15:57:42,895: INFO/MainProcess] Scheduler: Sending due task agent-15s (signal_engine.scheduler.run_agent_15s)
[2026-06-23 15:57:56,298: INFO/MainProcess] Scheduler: Sending due task agent-3m (signal_engine.scheduler.run_agent_3m)
[2026-06-23 15:57:56,542: INFO/MainProcess] Scheduler: Sending due task agent-1m (signal_engine.scheduler.run_agent_1m)
[2026-06-23 15:57:57,896: INFO/MainProcess] Scheduler: Sending due task agent-15s (signal_engine.scheduler.run_agent_15s)
[2026-06-23 15:58:12,897: INFO/MainProcess] Scheduler: Sending due task agent-15s (signal_engine.scheduler.run_agent_15s)
[2026-06-23 15:58:27,898: INFO/MainProcess] Scheduler: Sending due task agent-15s (signal_engine.scheduler.run_agent_15s)
[2026-06-23 15:58:42,898: INFO/MainProcess] Scheduler: Sending due task agent-15s (signal_engine.scheduler.run_agent_15s)
[2026-06-23 15:58:56,542: INFO/MainProcess] Scheduler: Sending due task agent-1m (signal_engine.scheduler.run_agent_1m)
[2026-06-23 15:58:57,899: INFO/MainProcess] Scheduler: Sending due task agent-15s (signal_engine.scheduler.run_agent_15s)
[2026-06-23 15:59:12,899: INFO/MainProcess] Scheduler: Sending due task agent-15s (signal_engine.scheduler.run_agent_15s)
[2026-06-23 15:59:27,900: INFO/MainProcess] Scheduler: Sending due task agent-15s (signal_engine.scheduler.run_agent_15s)
[2026-06-23 15:59:42,900: INFO/MainProcess] Scheduler: Sending due task agent-15s (signal_engine.scheduler.run_agent_15s)
[2026-06-23 15:59:56,281: INFO/MainProcess] Scheduler: Sending due task agent-5m (signal_engine.scheduler.run_agent_5m)
[2026-06-23 15:59:56,543: INFO/MainProcess] Scheduler: Sending due task agent-1m (signal_engine.scheduler.run_agent_1m)
[2026-06-23 15:59:57,901: INFO/MainProcess] Scheduler: Sending due task agent-15s (signal_engine.scheduler.run_agent_15s)
[2026-06-23 16:00:12,901: INFO/MainProcess] Scheduler: Sending due task agent-15s (signal_engine.scheduler.run_agent_15s)
[2026-06-23 16:00:27,902: INFO/MainProcess] Scheduler: Sending due task agent-15s (signal_engine.scheduler.run_agent_15s)
[2026-06-23 16:00:42,903: INFO/MainProcess] Scheduler: Sending due task agent-15s (signal_engine.scheduler.run_agent_15s)
[2026-06-23 16:00:56,298: INFO/MainProcess] Scheduler: Sending due task agent-3m (signal_engine.scheduler.run_agent_3m)
[2026-06-23 16:00:56,543: INFO/MainProcess] Scheduler: Sending due task agent-1m (signal_engine.scheduler.run_agent_1m)
[2026-06-23 16:00:57,903: INFO/MainProcess] Scheduler: Sending due task agent-15s (signal_engine.scheduler.run_agent_15s)
[2026-06-23 16:01:12,903: INFO/MainProcess] Scheduler: Sending due task agent-15s (signal_engine.scheduler.run_agent_15s)
[2026-06-23 16:01:27,904: INFO/MainProcess] Scheduler: Sending due task agent-15s (signal_engine.scheduler.run_agent_15s)
[2026-06-23 16:01:42,904: INFO/MainProcess] Scheduler: Sending due task agent-15s (signal_engine.scheduler.run_agent_15s)
[2026-06-23 16:01:56,543: INFO/MainProcess] Scheduler: Sending due task agent-1m (signal_engine.scheduler.run_agent_1m)
[2026-06-23 16:01:57,905: INFO/MainProcess] Scheduler: Sending due task agent-15s (signal_engine.scheduler.run_agent_15s)
[2026-06-23 16:02:12,906: INFO/MainProcess] Scheduler: Sending due task agent-15s (signal_engine.scheduler.run_agent_15s)
[2026-06-23 16:02:27,907: INFO/MainProcess] Scheduler: Sending due task agent-15s (signal_engine.scheduler.run_agent_15s)
[2026-06-23 16:02:42,907: INFO/MainProcess] Scheduler: Sending due task agent-15s (signal_engine.scheduler.run_agent_15s)
[2026-06-23 16:02:56,543: INFO/MainProcess] Scheduler: Sending due task agent-1m (signal_engine.scheduler.run_agent_1m)
[2026-06-23 16:02:57,908: INFO/MainProcess] Scheduler: Sending due task agent-15s (signal_engine.scheduler.run_agent_15s)
[2026-06-23 16:03:12,908: INFO/MainProcess] Scheduler: Sending due task agent-15s (signal_engine.scheduler.run_agent_15s)
[2026-06-23 16:03:27,908: INFO/MainProcess] Scheduler: Sending due task agent-15s (signal_engine.scheduler.run_agent_15s)
[2026-06-23 16:03:42,909: INFO/MainProcess] Scheduler: Sending due task agent-15s (signal_engine.scheduler.run_agent_15s)
[2026-06-23 16:03:56,479: INFO/MainProcess] Scheduler: Sending due task agent-3m (signal_engine.scheduler.run_agent_3m)
[2026-06-23 16:03:56,544: INFO/MainProcess] Scheduler: Sending due task agent-1m (signal_engine.scheduler.run_agent_1m)
[2026-06-23 16:03:57,909: INFO/MainProcess] Scheduler: Sending due task agent-15s (signal_engine.scheduler.run_agent_15s)
[2026-06-23 16:04:12,909: INFO/MainProcess] Scheduler: Sending due task agent-15s (signal_engine.scheduler.run_agent_15s)
[2026-06-23 16:04:27,910: INFO/MainProcess] Scheduler: Sending due task agent-15s (signal_engine.scheduler.run_agent_15s)
[2026-06-23 16:04:42,910: INFO/MainProcess] Scheduler: Sending due task agent-15s (signal_engine.scheduler.run_agent_15s)
[2026-06-23 16:04:56,282: INFO/MainProcess] Scheduler: Sending due task agent-5m (signal_engine.scheduler.run_agent_5m)
[2026-06-23 16:04:56,545: INFO/MainProcess] Scheduler: Sending due task agent-1m (signal_engine.scheduler.run_agent_1m)
[2026-06-23 16:04:57,911: INFO/MainProcess] Scheduler: Sending due task agent-15s (signal_engine.scheduler.run_agent_15s)
[2026-06-23 16:05:12,911: INFO/MainProcess] Scheduler: Sending due task agent-15s (signal_engine.scheduler.run_agent_15s)
[2026-06-23 16:05:27,912: INFO/MainProcess] Scheduler: Sending due task agent-15s (signal_engine.scheduler.run_agent_15s)
[2026-06-23 16:05:42,912: INFO/MainProcess] Scheduler: Sending due task agent-15s (signal_engine.scheduler.run_agent_15s)
[2026-06-23 16:05:56,545: INFO/MainProcess] Scheduler: Sending due task agent-1m (signal_engine.scheduler.run_agent_1m)
[2026-06-23 16:05:57,913: INFO/MainProcess] Scheduler: Sending due task agent-15s (signal_engine.scheduler.run_agent_15s)
[2026-06-23 16:06:12,913: INFO/MainProcess] Scheduler: Sending due task agent-15s (signal_engine.scheduler.run_agent_15s)
[2026-06-23 16:06:27,913: INFO/MainProcess] Scheduler: Sending due task agent-15s (signal_engine.scheduler.run_agent_15s)
[2026-06-23 16:06:42,914: INFO/MainProcess] Scheduler: Sending due task agent-15s (signal_engine.scheduler.run_agent_15s)
[2026-06-23 16:06:56,479: INFO/MainProcess] Scheduler: Sending due task agent-3m (signal_engine.scheduler.run_agent_3m)
[2026-06-23 16:06:56,708: INFO/MainProcess] Scheduler: Sending due task agent-1m (signal_engine.scheduler.run_agent_1m)
[2026-06-23 16:06:57,914: INFO/MainProcess] Scheduler: Sending due task agent-15s (signal_engine.scheduler.run_agent_15s)
[2026-06-23 16:07:12,915: INFO/MainProcess] Scheduler: Sending due task agent-15s (signal_engine.scheduler.run_agent_15s)
[2026-06-23 16:07:27,916: INFO/MainProcess] Scheduler: Sending due task agent-15s (signal_engine.scheduler.run_agent_15s)
[2026-06-23 16:07:42,916: INFO/MainProcess] Scheduler: Sending due task agent-15s (signal_engine.scheduler.run_agent_15s)
[2026-06-23 16:07:56,708: INFO/MainProcess] Scheduler: Sending due task agent-1m (signal_engine.scheduler.run_agent_1m)
[2026-06-23 16:07:57,916: INFO/MainProcess] Scheduler: Sending due task agent-15s (signal_engine.scheduler.run_agent_15s)
[2026-06-23 16:08:12,917: INFO/MainProcess] Scheduler: Sending due task agent-15s (signal_engine.scheduler.run_agent_15s)
[2026-06-23 16:08:27,917: INFO/MainProcess] Scheduler: Sending due task agent-15s (signal_engine.scheduler.run_agent_15s)
[2026-06-23 16:08:42,917: INFO/MainProcess] Scheduler: Sending due task agent-15s (signal_engine.scheduler.run_agent_15s)
[2026-06-23 16:08:56,709: INFO/MainProcess] Scheduler: Sending due task agent-1m (signal_engine.scheduler.run_agent_1m)
[2026-06-23 16:08:57,918: INFO/MainProcess] Scheduler: Sending due task agent-15s (signal_engine.scheduler.run_agent_15s)
[2026-06-23 16:09:12,918: INFO/MainProcess] Scheduler: Sending due task agent-15s (signal_engine.scheduler.run_agent_15s)
[2026-06-23 16:09:27,918: INFO/MainProcess] Scheduler: Sending due task agent-15s (signal_engine.scheduler.run_agent_15s)
[2026-06-23 16:09:42,919: INFO/MainProcess] Scheduler: Sending due task agent-15s (signal_engine.scheduler.run_agent_15s)
[2026-06-23 16:09:56,134: INFO/MainProcess] Scheduler: Sending due task agent-15m (signal_engine.scheduler.run_agent_15m)
[2026-06-23 16:09:56,283: INFO/MainProcess] Scheduler: Sending due task agent-5m (signal_engine.scheduler.run_agent_5m)
[2026-06-23 16:09:56,480: INFO/MainProcess] Scheduler: Sending due task agent-3m (signal_engine.scheduler.run_agent_3m)
[2026-06-23 16:09:56,709: INFO/MainProcess] Scheduler: Sending due task agent-1m (signal_engine.scheduler.run_agent_1m)
[2026-06-23 16:09:58,050: INFO/MainProcess] Scheduler: Sending due task agent-15s (signal_engine.scheduler.run_agent_15s)
[2026-06-23 16:10:13,051: INFO/MainProcess] Scheduler: Sending due task agent-15s (signal_engine.scheduler.run_agent_15s)
[2026-06-23 16:10:28,052: INFO/MainProcess] Scheduler: Sending due task agent-15s (signal_engine.scheduler.run_agent_15s)
[2026-06-23 16:10:43,053: INFO/MainProcess] Scheduler: Sending due task agent-15s (signal_engine.scheduler.run_agent_15s)
[2026-06-23 16:10:56,710: INFO/MainProcess] Scheduler: Sending due task agent-1m (signal_engine.scheduler.run_agent_1m)
[2026-06-23 16:10:58,053: INFO/MainProcess] Scheduler: Sending due task agent-15s (signal_engine.scheduler.run_agent_15s)
[2026-06-23 16:11:13,054: INFO/MainProcess] Scheduler: Sending due task agent-15s (signal_engine.scheduler.run_agent_15s)
[2026-06-23 16:11:28,054: INFO/MainProcess] Scheduler: Sending due task agent-15s (signal_engine.scheduler.run_agent_15s)
[2026-06-23 16:11:43,055: INFO/MainProcess] Scheduler: Sending due task agent-15s (signal_engine.scheduler.run_agent_15s)
[2026-06-23 16:11:56,710: INFO/MainProcess] Scheduler: Sending due task agent-1m (signal_engine.scheduler.run_agent_1m)
[2026-06-23 16:11:58,055: INFO/MainProcess] Scheduler: Sending due task agent-15s (signal_engine.scheduler.run_agent_15s)
[2026-06-23 16:12:13,056: INFO/MainProcess] Scheduler: Sending due task agent-15s (signal_engine.scheduler.run_agent_15s)
[2026-06-23 16:12:28,057: INFO/MainProcess] Scheduler: Sending due task agent-15s (signal_engine.scheduler.run_agent_15s)
[2026-06-23 16:12:43,057: INFO/MainProcess] Scheduler: Sending due task agent-15s (signal_engine.scheduler.run_agent_15s)
[2026-06-23 16:12:56,480: INFO/MainProcess] Scheduler: Sending due task agent-3m (signal_engine.scheduler.run_agent_3m)
[2026-06-23 16:12:56,710: INFO/MainProcess] Scheduler: Sending due task agent-1m (signal_engine.scheduler.run_agent_1m)
[2026-06-23 16:12:58,058: INFO/MainProcess] Scheduler: Sending due task agent-15s (signal_engine.scheduler.run_agent_15s)
[2026-06-23 16:13:13,058: INFO/MainProcess] Scheduler: Sending due task agent-15s (signal_engine.scheduler.run_agent_15s)
[2026-06-23 16:13:28,058: INFO/MainProcess] Scheduler: Sending due task agent-15s (signal_engine.scheduler.run_agent_15s)
[2026-06-23 16:13:43,059: INFO/MainProcess] Scheduler: Sending due task agent-15s (signal_engine.scheduler.run_agent_15s)
[2026-06-23 16:13:56,711: INFO/MainProcess] Scheduler: Sending due task agent-1m (signal_engine.scheduler.run_agent_1m)
[2026-06-23 16:13:58,059: INFO/MainProcess] Scheduler: Sending due task agent-15s (signal_engine.scheduler.run_agent_15s)
[2026-06-23 16:14:13,060: INFO/MainProcess] Scheduler: Sending due task agent-15s (signal_engine.scheduler.run_agent_15s)
[2026-06-23 16:14:28,060: INFO/MainProcess] Scheduler: Sending due task agent-15s (signal_engine.scheduler.run_agent_15s)
[2026-06-23 16:14:43,061: INFO/MainProcess] Scheduler: Sending due task agent-15s (signal_engine.scheduler.run_agent_15s)
[2026-06-23 16:14:56,283: INFO/MainProcess] Scheduler: Sending due task agent-5m (signal_engine.scheduler.run_agent_5m)
[2026-06-23 16:14:56,712: INFO/MainProcess] Scheduler: Sending due task agent-1m (signal_engine.scheduler.run_agent_1m)
[2026-06-23 16:14:58,061: INFO/MainProcess] Scheduler: Sending due task agent-15s (signal_engine.scheduler.run_agent_15s)
[2026-06-23 16:15:13,061: INFO/MainProcess] Scheduler: Sending due task agent-15s (signal_engine.scheduler.run_agent_15s)
[2026-06-23 16:15:28,062: INFO/MainProcess] Scheduler: Sending due task agent-15s (signal_engine.scheduler.run_agent_15s)
[2026-06-23 16:15:43,062: INFO/MainProcess] Scheduler: Sending due task agent-15s (signal_engine.scheduler.run_agent_15s)
[2026-06-23 16:15:56,480: INFO/MainProcess] Scheduler: Sending due task agent-3m (signal_engine.scheduler.run_agent_3m)
[2026-06-23 16:15:56,713: INFO/MainProcess] Scheduler: Sending due task agent-1m (signal_engine.scheduler.run_agent_1m)
[2026-06-23 16:15:58,062: INFO/MainProcess] Scheduler: Sending due task agent-15s (signal_engine.scheduler.run_agent_15s)
[2026-06-23 16:16:13,221: INFO/MainProcess] Scheduler: Sending due task agent-15s (signal_engine.scheduler.run_agent_15s)
[2026-06-23 16:16:28,221: INFO/MainProcess] Scheduler: Sending due task agent-15s (signal_engine.scheduler.run_agent_15s)
[2026-06-23 16:16:43,222: INFO/MainProcess] Scheduler: Sending due task agent-15s (signal_engine.scheduler.run_agent_15s)
[2026-06-23 16:16:56,713: INFO/MainProcess] Scheduler: Sending due task agent-1m (signal_engine.scheduler.run_agent_1m)
[2026-06-23 16:16:58,222: INFO/MainProcess] Scheduler: Sending due task agent-15s (signal_engine.scheduler.run_agent_15s)
[2026-06-23 16:17:13,223: INFO/MainProcess] Scheduler: Sending due task agent-15s (signal_engine.scheduler.run_agent_15s)
[2026-06-23 16:17:28,224: INFO/MainProcess] Scheduler: Sending due task agent-15s (signal_engine.scheduler.run_agent_15s)
[2026-06-23 16:17:43,224: INFO/MainProcess] Scheduler: Sending due task agent-15s (signal_engine.scheduler.run_agent_15s)
[2026-06-23 16:17:56,714: INFO/MainProcess] Scheduler: Sending due task agent-1m (signal_engine.scheduler.run_agent_1m)
[2026-06-23 16:17:58,225: INFO/MainProcess] Scheduler: Sending due task agent-15s (signal_engine.scheduler.run_agent_15s)
[2026-06-23 16:18:13,225: INFO/MainProcess] Scheduler: Sending due task agent-15s (signal_engine.scheduler.run_agent_15s)
[2026-06-23 16:18:28,226: INFO/MainProcess] Scheduler: Sending due task agent-15s (signal_engine.scheduler.run_agent_15s)
[2026-06-23 16:18:43,226: INFO/MainProcess] Scheduler: Sending due task agent-15s (signal_engine.scheduler.run_agent_15s)
[2026-06-23 16:18:56,481: INFO/MainProcess] Scheduler: Sending due task agent-3m (signal_engine.scheduler.run_agent_3m)
[2026-06-23 16:18:56,714: INFO/MainProcess] Scheduler: Sending due task agent-1m (signal_engine.scheduler.run_agent_1m)
[2026-06-23 16:18:58,227: INFO/MainProcess] Scheduler: Sending due task agent-15s (signal_engine.scheduler.run_agent_15s)
[2026-06-23 16:19:13,227: INFO/MainProcess] Scheduler: Sending due task agent-15s (signal_engine.scheduler.run_agent_15s)
[2026-06-23 16:19:28,369: INFO/MainProcess] Scheduler: Sending due task agent-15s (signal_engine.scheduler.run_agent_15s)
[2026-06-23 16:19:43,370: INFO/MainProcess] Scheduler: Sending due task agent-15s (signal_engine.scheduler.run_agent_15s)
[2026-06-23 16:19:56,283: INFO/MainProcess] Scheduler: Sending due task agent-5m (signal_engine.scheduler.run_agent_5m)
[2026-06-23 16:19:56,715: INFO/MainProcess] Scheduler: Sending due task agent-1m (signal_engine.scheduler.run_agent_1m)
[2026-06-23 16:19:58,371: INFO/MainProcess] Scheduler: Sending due task agent-15s (signal_engine.scheduler.run_agent_15s)
[2026-06-23 16:20:13,371: INFO/MainProcess] Scheduler: Sending due task agent-15s (signal_engine.scheduler.run_agent_15s)
[2026-06-23 16:20:28,372: INFO/MainProcess] Scheduler: Sending due task agent-15s (signal_engine.scheduler.run_agent_15s)
[2026-06-23 16:20:43,372: INFO/MainProcess] Scheduler: Sending due task agent-15s (signal_engine.scheduler.run_agent_15s)
[2026-06-23 16:20:56,715: INFO/MainProcess] Scheduler: Sending due task agent-1m (signal_engine.scheduler.run_agent_1m)
[2026-06-23 16:20:58,373: INFO/MainProcess] Scheduler: Sending due task agent-15s (signal_engine.scheduler.run_agent_15s)
[2026-06-23 16:21:13,374: INFO/MainProcess] Scheduler: Sending due task agent-15s (signal_engine.scheduler.run_agent_15s)
[2026-06-23 16:21:28,374: INFO/MainProcess] Scheduler: Sending due task agent-15s (signal_engine.scheduler.run_agent_15s)
[2026-06-23 16:21:43,375: INFO/MainProcess] Scheduler: Sending due task agent-15s (signal_engine.scheduler.run_agent_15s)
[2026-06-23 16:21:56,481: INFO/MainProcess] Scheduler: Sending due task agent-3m (signal_engine.scheduler.run_agent_3m)
[2026-06-23 16:21:56,716: INFO/MainProcess] Scheduler: Sending due task agent-1m (signal_engine.scheduler.run_agent_1m)
[2026-06-23 16:21:58,375: INFO/MainProcess] Scheduler: Sending due task agent-15s (signal_engine.scheduler.run_agent_15s)
[2026-06-23 16:22:13,375: INFO/MainProcess] Scheduler: Sending due task agent-15s (signal_engine.scheduler.run_agent_15s)
[2026-06-23 16:22:28,376: INFO/MainProcess] Scheduler: Sending due task agent-15s (signal_engine.scheduler.run_agent_15s)
[2026-06-23 16:22:43,376: INFO/MainProcess] Scheduler: Sending due task agent-15s (signal_engine.scheduler.run_agent_15s)
[2026-06-23 16:22:56,716: INFO/MainProcess] Scheduler: Sending due task agent-1m (signal_engine.scheduler.run_agent_1m)
[2026-06-23 16:22:58,377: INFO/MainProcess] Scheduler: Sending due task agent-15s (signal_engine.scheduler.run_agent_15s)
[2026-06-23 16:23:13,377: INFO/MainProcess] Scheduler: Sending due task agent-15s (signal_engine.scheduler.run_agent_15s)
[2026-06-23 16:23:28,377: INFO/MainProcess] Scheduler: Sending due task agent-15s (signal_engine.scheduler.run_agent_15s)
[2026-06-23 16:23:43,378: INFO/MainProcess] Scheduler: Sending due task agent-15s (signal_engine.scheduler.run_agent_15s)
[2026-06-23 16:23:56,716: INFO/MainProcess] Scheduler: Sending due task agent-1m (signal_engine.scheduler.run_agent_1m)
[2026-06-23 16:23:58,378: INFO/MainProcess] Scheduler: Sending due task agent-15s (signal_engine.scheduler.run_agent_15s)
[2026-06-23 16:24:13,378: INFO/MainProcess] Scheduler: Sending due task agent-15s (signal_engine.scheduler.run_agent_15s)
[2026-06-23 16:24:28,379: INFO/MainProcess] Scheduler: Sending due task agent-15s (signal_engine.scheduler.run_agent_15s)
[2026-06-23 16:24:43,380: INFO/MainProcess] Scheduler: Sending due task agent-15s (signal_engine.scheduler.run_agent_15s)
[2026-06-23 16:24:56,135: INFO/MainProcess] Scheduler: Sending due task agent-15m (signal_engine.scheduler.run_agent_15m)
[2026-06-23 16:24:56,284: INFO/MainProcess] Scheduler: Sending due task agent-5m (signal_engine.scheduler.run_agent_5m)
[2026-06-23 16:24:56,482: INFO/MainProcess] Scheduler: Sending due task agent-3m (signal_engine.scheduler.run_agent_3m)
[2026-06-23 16:24:56,716: INFO/MainProcess] Scheduler: Sending due task agent-1m (signal_engine.scheduler.run_agent_1m)
[2026-06-23 16:24:58,381: INFO/MainProcess] Scheduler: Sending due task agent-15s (signal_engine.scheduler.run_agent_15s)
[2026-06-23 16:25:13,381: INFO/MainProcess] Scheduler: Sending due task agent-15s (signal_engine.scheduler.run_agent_15s)
[2026-06-23 16:25:28,381: INFO/MainProcess] Scheduler: Sending due task agent-15s (signal_engine.scheduler.run_agent_15s)
[2026-06-23 16:25:43,514: INFO/MainProcess] Scheduler: Sending due task agent-15s (signal_engine.scheduler.run_agent_15s)
[2026-06-23 16:25:56,716: INFO/MainProcess] Scheduler: Sending due task agent-1m (signal_engine.scheduler.run_agent_1m)
[2026-06-23 16:25:58,515: INFO/MainProcess] Scheduler: Sending due task agent-15s (signal_engine.scheduler.run_agent_15s)
[2026-06-23 16:26:13,515: INFO/MainProcess] Scheduler: Sending due task agent-15s (signal_engine.scheduler.run_agent_15s)
[2026-06-23 16:26:28,516: INFO/MainProcess] Scheduler: Sending due task agent-15s (signal_engine.scheduler.run_agent_15s)
[2026-06-23 16:26:43,516: INFO/MainProcess] Scheduler: Sending due task agent-15s (signal_engine.scheduler.run_agent_15s)
[2026-06-23 16:26:56,717: INFO/MainProcess] Scheduler: Sending due task agent-1m (signal_engine.scheduler.run_agent_1m)
[2026-06-23 16:26:58,517: INFO/MainProcess] Scheduler: Sending due task agent-15s (signal_engine.scheduler.run_agent_15s)
[2026-06-23 16:27:13,518: INFO/MainProcess] Scheduler: Sending due task agent-15s (signal_engine.scheduler.run_agent_15s)
[2026-06-23 16:27:28,518: INFO/MainProcess] Scheduler: Sending due task agent-15s (signal_engine.scheduler.run_agent_15s)
[2026-06-23 16:27:43,519: INFO/MainProcess] Scheduler: Sending due task agent-15s (signal_engine.scheduler.run_agent_15s)
[2026-06-23 16:27:56,482: INFO/MainProcess] Scheduler: Sending due task agent-3m (signal_engine.scheduler.run_agent_3m)
[2026-06-23 16:27:56,717: INFO/MainProcess] Scheduler: Sending due task agent-1m (signal_engine.scheduler.run_agent_1m)
[2026-06-23 16:27:58,519: INFO/MainProcess] Scheduler: Sending due task agent-15s (signal_engine.scheduler.run_agent_15s)
[2026-06-23 16:28:13,520: INFO/MainProcess] Scheduler: Sending due task agent-15s (signal_engine.scheduler.run_agent_15s)
[2026-06-23 16:28:28,521: INFO/MainProcess] Scheduler: Sending due task agent-15s (signal_engine.scheduler.run_agent_15s)
[2026-06-23 16:28:43,521: INFO/MainProcess] Scheduler: Sending due task agent-15s (signal_engine.scheduler.run_agent_15s)
[2026-06-23 16:28:56,718: INFO/MainProcess] Scheduler: Sending due task agent-1m (signal_engine.scheduler.run_agent_1m)
[2026-06-23 16:28:58,521: INFO/MainProcess] Scheduler: Sending due task agent-15s (signal_engine.scheduler.run_agent_15s)
[2026-06-23 16:29:13,522: INFO/MainProcess] Scheduler: Sending due task agent-15s (signal_engine.scheduler.run_agent_15s)
[2026-06-23 16:29:28,523: INFO/MainProcess] Scheduler: Sending due task agent-15s (signal_engine.scheduler.run_agent_15s)
[2026-06-23 16:29:43,523: INFO/MainProcess] Scheduler: Sending due task agent-15s (signal_engine.scheduler.run_agent_15s)
[2026-06-23 16:29:56,284: INFO/MainProcess] Scheduler: Sending due task agent-5m (signal_engine.scheduler.run_agent_5m)
[2026-06-23 16:29:56,719: INFO/MainProcess] Scheduler: Sending due task agent-1m (signal_engine.scheduler.run_agent_1m)
[2026-06-23 16:29:58,523: INFO/MainProcess] Scheduler: Sending due task agent-15s (signal_engine.scheduler.run_agent_15s)
[2026-06-23 16:30:13,524: INFO/MainProcess] Scheduler: Sending due task agent-15s (signal_engine.scheduler.run_agent_15s)
[2026-06-23 16:30:28,524: INFO/MainProcess] Scheduler: Sending due task agent-15s (signal_engine.scheduler.run_agent_15s)
[2026-06-23 16:30:43,524: INFO/MainProcess] Scheduler: Sending due task agent-15s (signal_engine.scheduler.run_agent_15s)
[2026-06-23 16:30:56,482: INFO/MainProcess] Scheduler: Sending due task agent-3m (signal_engine.scheduler.run_agent_3m)
[2026-06-23 16:30:56,719: INFO/MainProcess] Scheduler: Sending due task agent-1m (signal_engine.scheduler.run_agent_1m)
[2026-06-23 16:30:58,525: INFO/MainProcess] Scheduler: Sending due task agent-15s (signal_engine.scheduler.run_agent_15s)
[2026-06-23 16:31:13,526: INFO/MainProcess] Scheduler: Sending due task agent-15s (signal_engine.scheduler.run_agent_15s)
[2026-06-23 16:31:28,526: INFO/MainProcess] Scheduler: Sending due task agent-15s (signal_engine.scheduler.run_agent_15s)
[2026-06-23 16:31:43,527: INFO/MainProcess] Scheduler: Sending due task agent-15s (signal_engine.scheduler.run_agent_15s)
[2026-06-23 16:31:56,933: INFO/MainProcess] Scheduler: Sending due task agent-1m (signal_engine.scheduler.run_agent_1m)
[2026-06-23 16:31:58,527: INFO/MainProcess] Scheduler: Sending due task agent-15s (signal_engine.scheduler.run_agent_15s)
[2026-06-23 16:32:13,527: INFO/MainProcess] Scheduler: Sending due task agent-15s (signal_engine.scheduler.run_agent_15s)
[2026-06-23 16:45:19,870: INFO/MainProcess] Scheduler: Sending due task agent-15s (signal_engine.scheduler.run_agent_15s)
[2026-06-23 16:45:19,872: INFO/MainProcess] Scheduler: Sending due task agent-1m (signal_engine.scheduler.run_agent_1m)
[2026-06-23 16:45:19,875: INFO/MainProcess] Scheduler: Sending due task agent-3m (signal_engine.scheduler.run_agent_3m)
[2026-06-23 16:45:19,877: INFO/MainProcess] Scheduler: Sending due task agent-5m (signal_engine.scheduler.run_agent_5m)
[2026-06-23 16:45:19,879: INFO/MainProcess] Scheduler: Sending due task agent-15m (signal_engine.scheduler.run_agent_15m)
[2026-06-23 16:45:34,871: INFO/MainProcess] Scheduler: Sending due task agent-15s (signal_engine.scheduler.run_agent_15s)
[2026-06-23 16:45:49,871: INFO/MainProcess] Scheduler: Sending due task agent-15s (signal_engine.scheduler.run_agent_15s)
[2026-06-23 16:46:04,872: INFO/MainProcess] Scheduler: Sending due task agent-15s (signal_engine.scheduler.run_agent_15s)
[2026-06-23 16:46:19,873: INFO/MainProcess] Scheduler: Sending due task agent-1m (signal_engine.scheduler.run_agent_1m)
[2026-06-23 16:46:19,874: INFO/MainProcess] Scheduler: Sending due task agent-15s (signal_engine.scheduler.run_agent_15s)
